"","Team","GP","MPG","PPG","FGM","FGA","FG%","3PM","3PA","3P%","FTM","FTA","FT%","ORB","DRB","RPG","APG","SPG","BPG","TOV","PF","TS%","eFG%","Total S%","ORB%","DRB%","TRB%","AST%","TOV%","STL%","BLK%","PPS","FIC40","ORtg","DRtg","eDiff","Poss","Pace","HOB","Ast/TO","Stl/TO","FT/FGA","W's","L's","Win %","Conference","State","TER","Cluster"
"1","Gonzaga",32,39.9,87.2,32.7,62.6,0.521,8.2,22.1,0.37,13.7,19.2,0.713,9.2,31.3,40.4,18.1,6.4,5.8,11.5,15.5,0.608,0.587,160.5,28.5,77.5,55.8,55.3,13.8,8.6,13.4,1.4,76.8,117.2,89,28.2,2381.4,74.6,1.553,1.6,0.6,0.219,28,4,0.875,"WCC","WA",2.98911258997208,4
"2","South Dakota State",35,40.2,85.9,30.8,59.1,0.521,9.3,20.9,0.445,14.9,19.7,0.758,7.1,27.3,34.4,15.1,6.1,2.5,11,15.3,0.627,0.6,172.4,23.9,77.7,53.2,49,13.8,8.4,6.9,1.5,66.5,118.5,101,17.5,2535.2,72.1,1.49,1.4,0.6,0.253,30,5,0.857,"Summit","SD",2.10876650258468,4
"3","Arizona",37,40.2,84,30.2,61.3,0.492,7.8,22,0.352,15.8,21.4,0.739,11.2,29,40.2,19.6,6.7,5.7,13.4,16.7,0.587,0.556,158.3,34.3,72.4,55.3,65,15.8,9.1,13.4,1.4,72.7,113.7,92.1,21.5,2733.4,73.5,1.65,1.5,0.5,0.258,33,4,0.892,"Pac-12","AZ",2.28126674943762,4
"4","Oral Roberts",31,40.3,83.3,30.2,66.2,0.456,11.6,30.6,0.379,11.2,15.4,0.73,10.3,28.6,38.9,11.7,5.5,4.2,9.9,15.4,0.566,0.544,156.5,28.5,77.1,53.2,38.8,11.9,7.5,10.2,1.3,62.9,113.7,101.5,12.2,2271.5,72.7,1.388,1.2,0.6,0.17,19,12,0.613,"Summit","OK",1.35928267143054,4
"5","Iowa",36,40.2,83.2,29.8,64.5,0.461,9.2,25.3,0.363,14.5,19.4,0.749,11.2,24.5,35.7,16,7.3,4.3,9.2,16.2,0.564,0.533,157.3,31.4,70.5,50.7,53.9,11.1,10.3,11.3,1.3,67.2,116.5,99.7,16.8,2569.9,71.1,1.539,1.7,0.8,0.225,26,10,0.722,"Big Ten","IA",1.76376600887881,4
"6","UAB",35,40.4,80.3,29.6,63.2,0.468,7.9,20.9,0.377,13.3,18,0.739,11.4,25.5,37,13,9.6,4.1,11.5,16.5,0.56,0.53,158.4,33.1,73.1,53.2,43.9,13.8,13.3,11.5,1.3,63.1,111.7,92.8,18.9,2516.8,71.3,1.439,1.1,0.8,0.21,27,8,0.771,"C-USA","AL",2.19204248382402,4
"7","Bowling Green",31,40.3,80.3,28.4,65.3,0.435,8.2,24.2,0.34,15.2,20.5,0.739,11.5,25.7,37.2,12.6,7.3,3.4,12.3,17.7,0.535,0.498,151.4,30.5,71.2,50.4,44.3,14.1,9.7,9.4,1.2,56.1,106.3,106.6,-0.3,2341.6,75,1.443,1,0.6,0.233,13,18,0.419,"MAC","OH",0.151780943459986,2
"8","Duke",39,40,80.1,29.7,60.4,0.491,7.9,21.6,0.366,12.8,17.3,0.738,9.9,26.8,36.7,16.5,6.4,5.6,10.3,13.6,0.583,0.557,159.5,31,71.5,52.9,55.4,13,9.3,13.4,1.3,69.6,116.1,98.3,17.8,2689.7,68.9,1.554,1.6,0.6,0.211,32,7,0.821,"ACC","NC",2.21583562132099,4
"9","Buffalo",30,40,79.9,29.7,65.2,0.455,8.5,24.9,0.342,12,17,0.709,13.7,27.7,41.4,15,7.1,4.6,13.2,17.1,0.545,0.52,150.6,37.1,73.4,55.4,50.6,15.3,9.7,10.8,1.2,64.2,109.4,98.9,10.5,2192.9,73.2,1.506,1.1,0.5,0.184,19,11,0.633,"MAC","NY",1.43661036829565,4
"10","Toledo",34,40,79.9,29.9,62.4,0.479,6.9,19.5,0.354,13.2,17.5,0.754,10.3,28.7,39,15.3,5.6,2.8,10.2,15.1,0.565,0.535,158.7,30.2,73.4,53.3,51.1,12.6,7.9,7.5,1.3,64.2,113.2,97.2,16,2401,70.6,1.511,1.5,0.5,0.211,26,8,0.765,"MAC","OH",1.71023144951065,4
"11","Princeton",30,40.5,79.8,30.3,62.2,0.488,10.9,28.2,0.387,8.3,12.9,0.639,8.3,26.1,34.4,15.5,6.2,1.8,10.1,14,0.584,0.575,151.3,24.7,77.4,51.1,51,12.9,8.9,4.4,1.3,61.8,113.9,100,13.9,2102.7,69.2,1.51,1.5,0.6,0.133,23,7,0.767,"Ivy","NJ",1.10350644333825,4
"12","St. John's",32,40.3,79.6,30.3,66.8,0.453,7.3,21.6,0.335,11.8,17.4,0.677,11.2,25.3,36.5,18.8,8.8,5.5,11.9,17.9,0.53,0.508,146.6,29.9,69.2,49.3,61.9,13.7,11.8,14.5,1.2,64.9,105.5,98.3,7.2,2415.2,75,1.619,1.6,0.7,0.176,17,15,0.531,"Big East","NY",0.472988299668904,4
"13","Alabama",33,40.1,79.5,27.6,62.8,0.44,9.2,29.9,0.309,15,20.6,0.728,12.5,25.5,38,14.7,7.1,4.7,14.5,18.5,0.547,0.513,147.7,34.5,70.1,52.3,53.1,16.7,9.6,11.9,1.3,58.7,107,103,4.1,2450.7,74,1.531,1,0.5,0.239,19,14,0.576,"SEC","AL",0.467040015294666,2
"14","Kentucky",34,40.2,79.4,30.3,62.8,0.483,6.1,17.6,0.347,12.8,17.6,0.726,12.2,26.3,38.6,16.2,6.8,4.2,11.6,14.3,0.559,0.531,155.5,37,76.2,57,53.4,14.1,9.7,11.1,1.3,65.8,112.7,94.4,18.3,2397.4,70.1,1.534,1.4,0.6,0.203,26,8,0.765,"SEC","KY",1.53773120265772,4
"15","Purdue",37,40.4,79.4,27.7,56.6,0.49,8.5,22.2,0.384,15.4,21.6,0.711,10.5,26.8,37.3,16.2,4.6,3.5,11.8,14.5,0.593,0.565,158.5,34.8,77.5,57.7,58.6,15,6.8,9.7,1.4,64.1,116.5,100.5,16,2519.5,67.5,1.586,1.4,0.4,0.272,29,8,0.784,"Big Ten","IN",1.9005765494863,4
"16","Eastern Kentucky",31,40.8,79.3,28.6,68.5,0.417,11.7,33.2,0.353,10.3,14.6,0.706,12,22.9,35,15.7,10.2,3.6,11.6,16.5,0.525,0.503,147.7,29.6,69.4,47.4,54.8,13.3,13.6,10.1,1.2,60,105.9,100.3,5.6,2321.2,73.4,1.548,1.4,0.9,0.151,13,18,0.419,"A-Sun","KY",0.270746630944769,2
"17","Cornell",26,40.2,79.2,28.3,60.6,0.467,9.7,27.7,0.348,13,18.4,0.707,9.6,27.6,37.2,17.3,7.9,2.9,14.2,18.7,0.571,0.546,152.2,27.9,73,51.5,61.2,17,10.6,8.3,1.3,61.5,106.7,100.6,6.1,1929.3,73.9,1.612,1.2,0.6,0.215,15,11,0.577,"Ivy","NY",1.22247213082304,2
"18","Murray State",34,40.2,79.1,28.8,60.5,0.476,8,22.8,0.351,13.6,19.6,0.692,11.7,26.1,37.8,14.7,7.8,3.2,11.4,15.4,0.567,0.542,151.8,35.1,76.1,55.9,51.2,14.1,11.4,9.5,1.3,64,114.3,91.3,22.9,2353.9,69,1.512,1.3,0.7,0.225,31,3,0.912,"OVC","KY",2.27531846506337,4
"19","Virginia Military",32,40.4,79,27.4,59.6,0.459,12.5,32.8,0.381,11.8,14.9,0.792,7.8,27.3,35.2,16,4.8,2.7,11.6,14.9,0.593,0.564,163.3,24,72,49.8,58.3,14.8,6.8,8,1.3,60.9,112.2,105.4,6.8,2254.3,69.7,1.583,1.4,0.4,0.198,16,16,0.5,"SoCon","VA",0.829885362123251,2
"20","Southeastern Louisiana",34,40.1,78.8,26.8,58.3,0.46,8.9,24.9,0.357,16.3,21.5,0.758,8.9,23.1,32,15.3,7.9,3.9,14.3,16,0.575,0.536,157.5,26.6,67.2,47.2,57,17.3,10.7,10,1.4,57.8,106.6,105.2,1.4,2512.8,73.7,1.57,1.1,0.6,0.28,19,15,0.559,"Southland","LA",0.145832659085748,2
"21","Wake Forest",35,40.5,78.5,27.9,57.9,0.483,8.5,24.6,0.344,14.2,19.5,0.73,8.2,27.3,35.5,15.1,6.5,3.9,13.9,16,0.585,0.556,155.7,25.8,74.5,51.9,53.9,17.2,8.9,10,1.4,59.2,107.9,96.3,11.7,2546.9,71.8,1.539,1.1,0.5,0.245,25,10,0.714,"ACC","NC",0.865575068368689,4
"22","Nicholls State",33,40.3,78.5,30.8,65.8,0.469,8.2,24.9,0.327,8.6,13.8,0.625,11.4,25.8,37.2,13.6,8.3,3.9,12.3,18.2,0.542,0.531,142.1,31.4,71,51.1,44,14.5,11.2,10.6,1.2,58.7,106.8,97,9.8,2426,73,1.44,1.1,0.7,0.131,21,12,0.636,"Southland","LA",0.853678499620213,4
"23","Belmont",33,40.2,78.3,29,59.4,0.488,8.5,25.8,0.332,11.7,15.8,0.743,7.4,25.1,32.5,18,9.1,3.9,11.8,13.7,0.585,0.56,156.3,24.2,73.3,50.1,62.2,15,12.7,11,1.3,65.9,109.7,96.2,13.5,2354.3,70.9,1.622,1.5,0.8,0.197,25,8,0.758,"OVC","TN",1.46635179016685,4
"24","Auburn",34,40.4,78.2,27.7,63.7,0.435,8.1,25.4,0.318,14.7,20.1,0.731,12.2,27.1,39.3,14.7,8.4,8,12.1,18.5,0.534,0.499,148.4,33.5,72.3,53.1,53.1,14.2,11.4,21.1,1.2,64.5,107.1,92,15.1,2483.8,72.3,1.531,1.2,0.7,0.231,28,6,0.824,"SEC","AL",1.76376600887881,4
"25","Kansas",40,40.3,78.2,28.6,59.8,0.478,7.2,19.8,0.361,13.9,19.4,0.717,10.4,26.4,36.7,15.3,6.3,4.3,12.1,15.9,0.567,0.538,155.6,32.3,72.9,53.8,53.6,14.9,8.8,10.9,1.3,61.6,110.3,94.8,15.5,2837.5,70.4,1.536,1.3,0.5,0.232,34,6,0.85,"Big 12","KS",1.30574811206239,4
"26","Charleston",32,40.3,78.2,28,63.7,0.439,8.1,23.9,0.339,14.1,19.3,0.73,13.2,25.9,39.1,13.2,8,2.8,15.6,20.6,0.536,0.503,150.9,35.6,76.4,55.1,47.2,17.6,10.5,7.2,1.2,53.4,103.5,101.2,2.3,2417.6,74.9,1.472,0.8,0.5,0.222,17,15,0.531,"CAA","SC",0.354022612184117,2
"27","McNeese State",33,40.9,78.2,28.3,62.8,0.451,6.5,20.6,0.313,15.2,23,0.659,13.5,26.3,39.9,12.7,7.8,3.5,16.3,20.1,0.53,0.502,142.2,36,73.1,54.1,44.8,18.1,10.2,9,1.2,52.3,102.6,101.6,1,2514.7,74.6,1.448,0.8,0.5,0.241,11,22,0.333,"Southland","LA",0.127987805963032,2
"28","Bryant",32,40.3,78,27.5,62.9,0.437,8.3,27.1,0.304,14.8,20.3,0.732,11.6,27.8,39.3,13.9,6.5,4.5,13.9,17,0.538,0.502,147.3,31.7,69.4,51.4,50.5,16.1,8.7,10.1,1.2,57.6,104.8,98.5,6.3,2383,73.9,1.505,1,0.5,0.236,22,10,0.688,"NEC","RI",0.324281190312924,4
"29","Northern Colorado",38,40.3,77.9,27.6,58.1,0.475,10.2,26.8,0.381,12.5,17.6,0.709,7.3,25.8,33.1,12.3,4,2.9,12.4,17.2,0.586,0.563,156.5,22.9,76.8,50.5,44.5,15.7,5.5,7.1,1.3,52.1,108.7,107.3,1.4,2725.9,71.1,1.445,1,0.3,0.215,22,16,0.579,"Big Sky","CO",-0.10994356900654,2
"30","Hofstra",32,40.3,77.9,29,62.6,0.463,9.5,28,0.34,10.4,13.1,0.797,7.7,24.6,32.3,15.5,8,2.7,10.3,14.9,0.566,0.539,160,22.7,73.7,48,53.3,13,11.1,8,1.2,60.1,109,102,7,2288.3,71,1.533,1.5,0.8,0.166,21,11,0.656,"CAA","NY",0.704971390264231,2
"31","Western Illinois",32,40.6,77.9,27.8,64,0.434,8.7,26.2,0.331,13.7,19.3,0.708,11,26.2,37.3,11.4,6.2,2.5,11.4,17.4,0.532,0.502,147.3,28.7,78.6,51.9,41.1,13.5,8.4,6.3,1.2,52.5,105.6,104.6,1,2361,72.7,1.411,1,0.5,0.214,16,16,0.5,"Summit","IL",0.12798780596303,2
"32","North Carolina",39,40.3,77.9,27.6,61.8,0.447,8.4,23.5,0.358,14.3,18.7,0.764,10.6,29.1,39.7,14.9,5.2,3.9,11.7,14.5,0.551,0.515,156.9,30.9,79.8,56,54.1,14.2,7.2,9.7,1.3,61.6,108.5,99.3,9.2,2800.8,71.2,1.541,1.3,0.4,0.232,29,10,0.744,"ACC","NC",0.978592471479237,4
"33","Southern Utah",35,40.6,77.7,27.5,59.7,0.461,8.3,24.3,0.343,14.4,20.2,0.714,9.1,26.7,35.8,12.1,6.1,2.5,12.6,17,0.561,0.531,151.8,27.2,79,53.2,43.9,15.4,8.4,6.9,1.3,53.2,107.2,100,7.2,2538.4,71.5,1.439,1,0.5,0.241,23,12,0.657,"Big Sky","UT",0.4729882996689,4
"34","Florida Gulf Coast",34,40.9,77.7,27.8,61.2,0.454,10.2,29.1,0.35,11.9,17.7,0.676,10.6,26.6,37.2,15.7,6.7,4.8,13.4,14.8,0.558,0.537,147.9,30.7,72.9,52.3,56.6,16.2,9.2,12.3,1.3,60.8,107.5,101.9,5.5,2457.8,70.7,1.566,1.2,0.5,0.195,22,12,0.647,"A-Sun","FL",0.681178252767271,2
"35","Furman",34,40.8,77.6,27.8,59.9,0.464,11.8,31,0.38,10.3,13.6,0.757,8.9,23.2,32.1,17.4,8.3,3.5,10.5,14.6,0.585,0.562,160.1,27.4,72.4,49.8,62.5,13.7,12.2,9.7,1.3,63.9,114.3,101.2,13.2,2309.4,66.6,1.625,1.7,0.8,0.171,22,12,0.647,"SoCon","SC",1.71617973388489,4
"36","Syracuse",33,40.7,77.4,27.7,61.5,0.451,9.1,24.1,0.378,12.8,17.4,0.737,10,24.6,34.7,14.6,7,3.8,10.7,14.2,0.555,0.525,156.6,28.8,67.9,48.7,52.7,13.3,10,11.6,1.3,59.7,110.1,106.8,3.3,2319.7,69.1,1.527,1.4,0.7,0.208,16,17,0.485,"ACC","NY",0.841781930871735,2
"37","San Francisco",34,40.1,77.4,27.8,60.7,0.457,9.6,27.5,0.35,12.2,17.6,0.694,10.1,26.6,36.7,13,7.7,4.6,12.7,18.1,0.56,0.537,150.1,29.3,77.2,53.3,46.9,15.6,10.7,11.6,1.3,58.7,107.9,94.5,13.4,2437.2,71.5,1.469,1,0.6,0.201,24,10,0.706,"WCC","CA",1.43066208392141,4
"38","Missouri State",34,40.2,77.3,28.1,58.2,0.482,8.3,22.2,0.374,12.9,16.1,0.797,7.9,26.4,34.3,12.1,5.3,3.3,10.6,15.4,0.587,0.553,165.4,25.2,76.9,52.2,43.3,13.8,7.7,9.2,1.3,57.4,112.3,100.1,12.2,2339.5,68.4,1.433,1.1,0.5,0.221,23,11,0.676,"MVC","MO",1.30574811206238,4
"39","Santa Clara",33,40,77.3,28.8,59.4,0.484,7.2,19.1,0.378,12.5,16.4,0.762,7.2,27.2,34.4,15.1,6,3.8,11.5,15,0.575,0.545,162.4,22.7,74.5,50.5,52.5,14.7,8.2,8.8,1.3,59.9,107.3,99.8,7.4,2376.7,71.9,1.525,1.3,0.5,0.21,21,12,0.636,"WCC","CA",0.716867959012708,4
"40","New Orleans",32,40.3,77.2,27.8,59.7,0.466,4.1,13.4,0.308,17.4,23.8,0.731,8.9,26.5,35.4,13,7.9,2.8,14.3,18.8,0.544,0.501,150.5,26.2,70.5,49.5,46.7,16.8,10.5,7.3,1.3,51.9,101.4,97.9,3.4,2435,75.5,1.467,0.9,0.6,0.292,18,14,0.563,"Southland","LA",-0.00287445027023431,3
"41","Baylor",34,40.2,77,28.3,61.3,0.462,8.1,23.5,0.343,12.4,17.8,0.697,12.3,23.8,36.1,15.9,8.8,3.4,12.4,16.1,0.553,0.528,150.2,36.1,71.7,53.7,56.3,15.1,12.6,9.7,1.3,61.9,110.6,92,18.6,2367.1,69.2,1.563,1.3,0.7,0.202,27,7,0.794,"Big 12","TX",1.5496277714062,4
"42","Citadel",31,40.8,76.8,27,60.8,0.445,10.7,30.3,0.354,12,17.9,0.672,8.9,27.4,36.3,16.1,4.7,3.6,12.2,15.3,0.554,0.533,147.1,24.8,72.5,49.2,59.7,15,6.4,9.1,1.3,57.4,105.5,105.6,0,2256.6,71.4,1.597,1.3,0.4,0.198,13,18,0.419,"SoCon","SC",-0.103995284632297,2
"43","Eastern Washington",34,40.3,76.8,26.6,58.7,0.454,8.9,25.1,0.352,14.7,19.5,0.753,8.5,26.7,35.1,15.7,5.5,2.7,13.3,18.6,0.565,0.529,155.9,25.7,75.7,51.5,59.1,16.3,7.6,7.7,1.3,54.9,105.6,102.6,3,2472.8,72.1,1.591,1.2,0.4,0.251,18,16,0.529,"Big Sky","WA",0.181522365331177,2
"44","Abilene Christian",36,40.6,76.7,26.3,60,0.438,6.9,21.5,0.32,17.3,22.9,0.754,9.9,21.3,31.2,14.9,10.9,1.9,12.6,22.2,0.541,0.495,151.2,28.4,71.7,48.4,56.9,15.1,14.8,6.3,1.3,52.3,104.4,92,12.4,2644.9,72.5,1.569,1.2,0.9,0.288,25,11,0.694,"WAC","TX",0.853678499620211,3
"45","Texas A&M-CC",35,40.1,76.6,26.9,60.9,0.443,6.4,19,0.336,16.3,22.2,0.737,12,25,37,15.1,8.5,1.8,14,20.3,0.537,0.495,151.6,34,73.1,53.2,56,16.4,11.6,5.6,1.3,54.4,104.6,95.7,8.9,2564.8,73,1.56,1.1,0.6,0.269,23,12,0.657,"Southland","TX",0.752557665258143,3
"46","Montana State",35,40.4,76.5,26.4,55.8,0.473,7.7,20.8,0.368,16.1,21.4,0.754,8.3,25.9,34.2,13.2,5.2,3.7,12.9,18.3,0.58,0.541,159.5,27.1,78.4,53.7,50.1,16.3,7.3,10.1,1.4,54,108,97.8,10.2,2479.6,70.2,1.501,1,0.4,0.289,27,8,0.771,"Big Sky","MT",0.752557665258146,4
"47","Howard",29,40.2,76.4,26.2,59.6,0.439,8.4,23.6,0.359,15.6,20.9,0.745,9.7,23.6,33.3,14.3,8.4,3.6,14.8,18.1,0.549,0.51,154.3,28.2,67.6,48.1,54.8,17.5,11.3,9.2,1.3,53.6,102.8,93.7,9.1,2155,74,1.548,1,0.6,0.262,16,13,0.552,"MEAC","DC",-0.16347812837469,3
"48","Saint Louis",35,40.4,76.2,27.4,59.7,0.458,6.7,18.3,0.369,14.7,19.3,0.763,11.1,26.2,37.4,14.8,6.4,3.1,12.9,17.9,0.553,0.515,159,33.7,74.5,54.8,54,15.7,9.2,8.4,1.3,56.9,108.3,96.5,11.8,2461.6,69.7,1.54,1.1,0.5,0.246,23,12,0.657,"A-10","MO",0.996437324601949,4
"49","Weber State",33,40.1,76.2,26.6,56,0.475,7.2,21.1,0.339,15.8,21.1,0.749,6.4,25.2,31.6,10.6,7.7,2.5,11.6,15.4,0.577,0.539,156.3,20.5,75.5,48.8,40,15,10.7,7.1,1.4,52.9,106.7,98.4,8.2,2356.2,71.2,1.4,0.9,0.7,0.282,21,12,0.636,"Big Sky","UT",0.931006196485322,4
"50","Arkansas",37,40.2,75.9,26.3,60.6,0.434,6.3,20.7,0.304,17.1,22.5,0.76,10.3,26.3,36.6,13.8,7.6,4.1,12.2,16.9,0.533,0.486,149.7,28.9,75.4,52,52.7,14.6,10.4,11.7,1.3,56.7,104.1,93.6,10.5,2699.6,72.5,1.527,1.1,0.6,0.282,28,9,0.757,"SEC","AR",0.657385115270317,3
"51","Wright State",36,40,75.8,27.4,59.4,0.461,6.5,19.4,0.333,14.5,18.9,0.768,9.7,23.8,33.4,14.1,5.9,3,12.2,14.5,0.554,0.516,156.2,29.8,71.3,50.8,51.3,15.2,8.4,7.6,1.3,55.1,107.2,101.5,5.7,2545.9,70.8,1.513,1.2,0.5,0.244,22,14,0.611,"Horizon","OH",-0.127788422129256,2
"52","Longwood",33,40.3,75.7,26.5,58.5,0.452,8.2,21.6,0.378,14.7,20.2,0.726,11.3,24.1,35.4,14.1,7.8,2.4,12.1,15.4,0.556,0.521,155.5,33.7,76.8,54.5,53.2,15.1,11.4,7.7,1.3,57.7,110.2,95.7,14.5,2268.6,68.3,1.532,1.2,0.6,0.251,26,7,0.788,"Big South","VA",1.39497237767598,4
"53","Massachusetts",32,40.5,75.7,25.7,59.4,0.433,9.5,25.6,0.371,14.8,19.5,0.758,9.8,22.7,32.5,13.7,6.5,2.6,11.6,17.1,0.551,0.513,156.2,28.5,70.6,48.8,53.1,14.4,9.2,6.8,1.3,52.7,107.3,110.7,-3.4,2256.8,69.7,1.531,1.2,0.6,0.248,15,17,0.469,"A-10","MA",0.116091237214554,2
"54","Colgate",35,40.1,75.6,27.5,58.1,0.474,9.9,24.5,0.404,10.6,15.2,0.697,8.4,26.6,35,17.1,6.1,3.6,11.3,14.5,0.579,0.559,157.6,26.1,75.3,51.8,62,14.8,9,9.3,1.3,62.8,110.7,98.3,12.4,2389.8,68.2,1.62,1.5,0.5,0.182,23,12,0.657,"Patriot","NY",1.37117924017902,4
"55","Southeast Missouri State",32,40.1,75.6,25.6,58.4,0.438,8.8,25.4,0.345,15.7,21.4,0.732,8.8,24,32.8,13.8,6.4,2.7,13.2,20.3,0.551,0.513,151.5,25.4,71.3,48.1,54.2,16.1,8.7,7.3,1.3,49.9,103.4,105.7,-2.4,2338.7,72.9,1.542,1,0.5,0.268,14,18,0.438,"OVC","MO",-0.228909256491319,2
"56","Houston Christian",29,40.7,75.5,26.3,59,0.445,6.9,21.4,0.322,16.1,22.6,0.711,10.8,24.3,35,13.4,7.9,2.6,15.1,19,0.542,0.504,147.9,31.1,75.4,52.5,51.2,17.8,10.7,6.9,1.3,50.2,102.1,103.5,-1.4,2145.4,72.7,1.512,0.9,0.5,0.272,11,18,0.379,"Southland","TX",-0.044512440889905,2
"57","Davidson",34,40.1,75.5,26.7,55.5,0.481,8.9,22.9,0.387,13.2,17.6,0.754,7.1,26.3,33.3,14.6,4.6,2.6,9.8,14.8,0.591,0.561,162.2,23.6,79.2,52.8,54.8,13.3,6.9,8.2,1.4,58.5,113,98.8,14.2,2271,66.6,1.548,1.5,0.5,0.238,27,7,0.794,"A-10","NC",1.41876551517293,4
"58","Western Kentucky",32,40,75.4,27.5,58.9,0.467,7.7,21.7,0.354,12.7,17.8,0.714,8,26.1,34,13.9,8.5,5.9,12.1,11.3,0.56,0.533,153.5,24.2,71.2,48.9,50.5,15.3,11.8,16.9,1.3,62.7,105.4,96.7,8.7,2289.4,71.6,1.505,1.1,0.7,0.215,19,13,0.594,"C-USA","KY",0.996437324601954,4
"59","UCLA",35,40.7,75.4,27.6,61.4,0.45,6.8,19.2,0.353,13.4,18.1,0.741,10.6,24.6,35.3,13.9,7,3.3,8.9,15.8,0.539,0.505,154.4,30.5,76,52.4,50.3,11.3,10.2,9.6,1.2,58,110.3,94.3,16,2393.5,67.2,1.503,1.6,0.8,0.218,27,8,0.771,"Pac-12","CA",1.35928267143054,4
"60","Cleveland State",31,40.8,75.4,27.5,57.5,0.478,6.4,19.4,0.327,14,20.8,0.671,10.5,23.5,34,16.5,8.6,3.4,13.5,18.3,0.559,0.534,147.7,33.1,69.6,51.9,60.1,16.7,12.2,10.4,1.3,57.3,106.6,98.9,7.7,2191.6,69.4,1.601,1.2,0.6,0.243,20,11,0.645,"Horizon","OH",1.2165238464488,4
"61","UNC Asheville",32,40.9,75.3,26,56.8,0.457,8.2,22.6,0.363,15.2,20.9,0.726,8.7,23.7,32.4,12.7,6.5,4.9,12.2,15.8,0.565,0.53,154.7,26.9,68.2,48.2,49,15.4,9.3,12.1,1.3,54.2,107.6,98.2,9.3,2240.3,68.4,1.49,1,0.5,0.267,17,15,0.531,"Big South","NC",0.496781437165859,4
"62","Miami (OH)",32,40.3,75.3,27.2,61.9,0.439,9.1,26.4,0.346,11.8,14.9,0.787,9.3,24.2,33.5,13.8,5.5,3.2,10.4,16,0.546,0.513,157.2,26.6,71.5,48.6,50.6,13.1,7.9,9.1,1.2,54.4,107.5,104.9,2.5,2240.6,69.5,1.506,1.3,0.5,0.19,14,18,0.438,"MAC","OH",-0.0802021471353436,2
"63","Louisiana Tech",34,40,75.2,26.8,58.9,0.455,8.3,24.3,0.34,13.4,18.5,0.725,8.9,26.5,35.4,13.7,6.5,2.1,11.5,14.6,0.556,0.525,152,26.1,73.6,50.5,51,14.6,9.2,6,1.3,56.4,106.7,96.4,10.3,2397.5,70.5,1.51,1.2,0.6,0.227,24,10,0.706,"C-USA","LA",0.764454234006625,4
"64","Winthrop",32,40.4,75.2,26.3,54.2,0.486,8.6,23.2,0.371,14,20,0.7,7.8,25.1,32.8,13.4,6.5,2.6,14.5,17.9,0.591,0.565,155.7,26.4,74.6,52.2,50.8,18.6,9.1,7.7,1.4,52.1,106.6,99.4,7.1,2258.8,69.9,1.508,0.9,0.4,0.258,23,9,0.719,"Big South","SC",0.693074821515751,4
"65","Iona",33,40.3,75.2,26.4,59.2,0.447,7.1,21.3,0.332,15.3,22,0.693,10.8,25.1,35.8,16.1,6.5,6,12.7,18.2,0.54,0.507,147.2,30.8,70.9,50.9,61,15.4,9.2,15.3,1.3,58.6,105.5,96.2,9.3,2353.5,70.8,1.61,1.3,0.5,0.258,25,8,0.758,"MAAC","NY",0.603850555902165,4
"66","Memphis",33,39.9,75.2,26.9,57.4,0.469,6.2,17.5,0.355,15.1,21.7,0.694,11.7,25.2,36.9,15.8,8.4,5.5,15.9,18.8,0.555,0.523,151.9,36.5,69.2,53.9,58.7,19.1,11.8,16.2,1.3,59.1,104.9,95.4,9.5,2364.5,71.8,1.587,1,0.5,0.262,22,11,0.667,"AAC","TN",1.16893757145489,3
"67","South Dakota",31,40.3,75.1,26.7,57.4,0.466,7.1,19.1,0.374,14.5,19.4,0.75,8.6,24.7,33.3,11.9,4.4,2.3,10,17.6,0.564,0.528,159,27,78.9,52.8,44.6,13,6.4,6.6,1.3,51.4,110,103.9,6.2,2116.4,67.7,1.446,1.2,0.4,0.253,19,12,0.613,"Summit","SD",0.615747124650644,2
"68","James Madison",29,40.5,75.1,27.7,59.9,0.463,7.4,21.5,0.345,12.2,17.6,0.697,8.8,23.2,32,13.3,8.5,2.1,12.4,16.4,0.55,0.525,150.5,26.1,68.7,47.5,48,15.4,11.9,6.5,1.3,52.5,104.6,102,2.6,2082.2,70.9,1.48,1.1,0.7,0.204,15,14,0.517,"CAA","VA",0.175574080956942,2
"69","Morgan State",28,40.2,75,27.5,63,0.437,6.1,19.6,0.313,13.8,20.4,0.677,11.2,24,35.1,14.8,8.5,3.4,15.4,19.7,0.516,0.486,142.8,30.6,71.9,50.3,53.7,17.5,11,9.9,1.2,50.5,97.7,94.2,3.5,2149.8,76.5,1.537,1,0.5,0.219,13,15,0.464,"MEAC","MD",-1.03192764701361,3
"70","Middle Tennessee State",37,40.8,74.9,26,57.8,0.45,8.2,24.7,0.33,14.7,19.4,0.756,9.4,24.4,33.8,12.4,8,4.2,12.9,18.4,0.558,0.521,153.7,29.3,72.3,51.3,47.8,16.1,11.3,12,1.3,53.4,106.3,95.3,10.9,2607.9,69.1,1.478,1,0.6,0.254,26,11,0.703,"C-USA","TN",1.06186845271859,4
"71","Houston",38,40.3,74.8,27.7,59.7,0.465,7.8,23.2,0.338,11.5,17.3,0.667,12.7,24.8,37.5,16.2,8,5.2,11.2,17.2,0.551,0.531,147,37.2,73.3,55.1,58.5,14.1,12,17.1,1.3,64.2,112.6,88.4,24.2,2525.8,66,1.585,1.5,0.7,0.193,32,6,0.842,"AAC","TX",2.48350841816174,4
"72","Long Island",30,40.3,74.8,27.1,63.2,0.428,7.9,25.3,0.314,12.8,18.8,0.68,11.3,26.8,38,16.9,7.7,4.9,13.6,16.9,0.519,0.491,142.2,30.2,71.5,50.9,62.6,15.9,10.3,13.4,1.2,58.7,100.3,98.5,1.8,2238,74,1.626,1.2,0.6,0.202,16,14,0.533,"NEC","NY",0.0328152559751996,3
"73","Vermont",34,40.1,74.8,27.5,55.9,0.492,8.8,24,0.365,11,14.8,0.742,6.8,27,33.8,15.1,5.1,2.5,9.6,14,0.594,0.57,159.9,23.4,82,54.6,55,13.2,7.7,7.2,1.3,60.3,113.6,92.2,21.4,2238.6,65.6,1.55,1.6,0.5,0.197,28,6,0.824,"AM East","VT",1.73997287138185,4
"74","North Dakota State",33,40.6,74.8,26.3,56.9,0.462,7.6,21.2,0.358,14.7,19.3,0.761,8.1,28.5,36.6,11.1,3.9,3.5,11.6,15.6,0.566,0.528,158.1,25.3,78.4,53.6,42.3,15,5.6,8.4,1.3,52.7,107.6,98.8,8.8,2294.6,68.5,1.423,1,0.3,0.258,23,10,0.697,"Summit","ND",0.681178252767274,4
"75","Connecticut",33,40.7,74.8,26.7,61.2,0.435,7.4,21.1,0.352,14.1,18.7,0.753,12.9,25.8,38.7,14,5.9,6.4,11.8,16.8,0.534,0.496,154,37,73.4,55.2,52.6,14.4,8.6,16.6,1.2,59.4,108.6,94.8,13.8,2274,67.8,1.526,1.2,0.5,0.23,23,10,0.697,"Big East","CT",1.17488585582912,4
"76","Kennesaw State",31,40.5,74.8,27.4,59.2,0.463,8.3,22.8,0.365,11.6,17.6,0.662,10.3,24.4,34.6,14.4,7.1,2.8,12.4,17.1,0.553,0.533,149.1,30.6,73.8,52.1,52.5,15.5,10.2,8.3,1.3,55,107,101.7,5.2,2168.2,69,1.525,1.2,0.6,0.197,13,18,0.419,"A-Sun","GA",0.776350802755096,2
"77","Seattle",32,40,74.8,25.9,62.2,0.417,9.7,28.4,0.34,13.3,17.4,0.766,9.3,26.7,36,13.6,6.9,3.6,11.6,20.5,0.531,0.494,152.3,25.5,75.5,50.1,52.6,14.1,9.5,10.1,1.2,53.2,102.8,91.6,11.2,2328.3,72.7,1.526,1.2,0.6,0.214,23,9,0.719,"WAC","WA",0.38376403405531,4
"78","St. Thomas (MN)",30,40,74.7,26.7,60.5,0.441,11.1,31.2,0.357,10.2,13.5,0.758,7,21.8,28.8,12.6,5.2,1.3,8.1,17,0.558,0.533,155.6,20.7,74.1,45.6,47.1,10.8,7.7,3.8,1.2,50,110.5,111.5,-0.9,2027.5,67.6,1.471,1.6,0.6,0.169,10,20,0.333,"Summit","MN",-0.252702393988277,2
"79","Samford",32,40.3,74.7,26.8,60,0.446,8.8,26.1,0.336,12.4,17,0.73,10.3,24.3,34.6,12.8,7.4,2.9,13.8,17.6,0.548,0.519,151.2,30.5,71.9,51.2,48,16.8,10.4,9.2,1.2,52.1,104.5,103.3,1.2,2286.9,71,1.48,0.9,0.5,0.207,21,11,0.656,"SoCon","AL",0.163677512208466,2
"80","UMKC",31,40.1,74.5,27.6,57.7,0.478,7.3,19.8,0.366,12.1,17.9,0.676,7.5,23.1,30.5,13.3,7.4,2.8,10.5,20.2,0.563,0.541,152,23.2,75.9,48.7,48.2,13.7,10.6,8.3,1.3,52.1,107.1,96.6,10.5,2157.7,69.3,1.482,1.3,0.7,0.21,19,12,0.613,"Summit","MO",0.883419921491403,4
"81","Stephen F. Austin",32,40.2,74.5,27.4,57.8,0.474,5.9,17.9,0.33,13.8,20.4,0.678,10.9,23.1,33.9,15,9.1,4.1,16.4,19.7,0.552,0.525,148.3,34,69.5,52.1,54.8,19.6,12.5,11.9,1.3,53.4,102.4,94,8.4,2329.5,72.5,1.548,0.9,0.6,0.239,22,10,0.688,"WAC","TX",0.312384621564447,3
"82","Northern Iowa",32,40.8,74.5,25.7,56,0.459,8.7,24.4,0.355,14.3,18.2,0.789,6.2,24.9,31.1,11.8,5.8,1.4,11.1,13.9,0.576,0.537,160.3,20.2,78.9,50.1,45.8,14.7,8.3,4.8,1.3,50.4,107.2,102.3,4.9,2222.8,68.1,1.458,1.1,0.5,0.256,20,12,0.625,"MVC","IA",0.175574080956942,2
"83","Wagner",27,40.7,74.4,27.7,59.7,0.463,5.1,17.9,0.285,14,19.3,0.726,11.3,25,36.4,14.6,8.4,2.8,12.4,19.8,0.54,0.506,147.4,33.8,73.6,53.8,52.6,15.3,12,8.7,1.2,54.9,106.6,92.6,13.9,1885.7,68.6,1.526,1.2,0.7,0.234,21,6,0.778,"NEC","NY",1.44850693704413,4
"84","Illinois",33,40.3,74.4,26.2,58.3,0.448,8.9,24.9,0.359,13.2,18.7,0.706,10.9,26.3,37.2,15.2,5.2,3,12.3,16.3,0.554,0.525,151.4,32.7,73.8,54,58.1,15.4,7.5,7.1,1.3,56.9,108,97.6,10.5,2273.3,68.4,1.581,1.2,0.4,0.226,23,10,0.697,"Big Ten","IL",0.883419921491409,4
"85","Oakland",32,40.1,74.4,25.8,58.6,0.439,7.3,24.3,0.302,15.6,19.6,0.794,10.3,23.4,33.7,13.4,9,2.4,12.3,13.7,0.548,0.502,153.6,31,67.5,49.6,51.9,15.3,12.9,6.9,1.3,56.5,106.5,98.2,8.4,2234.7,69.6,1.519,1.1,0.7,0.265,20,12,0.625,"Horizon","MI",0.931006196485317,4
"86","Ball State",31,40.1,74.3,25.4,57.5,0.442,8.5,23.7,0.361,14.9,21.5,0.694,9.3,26,35.2,13.2,6.1,2.4,14,17.9,0.549,0.516,149.7,26.8,73.3,50.4,51.8,17.1,8.4,7,1.3,50.4,102.6,106,-3.4,2245.1,72.2,1.518,0.9,0.4,0.26,14,17,0.452,"MAC","IN",-0.0504607252641481,2
"87","Norfolk State",31,40,74.3,26.3,57,0.461,7,20.3,0.343,14.8,21.1,0.699,9.9,27.8,37.7,12.5,6.7,3.6,14,17.6,0.554,0.522,150.4,30.3,73.7,53.6,47.4,17.3,9.4,11.2,1.3,54.2,104.3,90.5,13.8,2207.6,71.2,1.474,0.9,0.5,0.259,24,7,0.774,"MEAC","VA",1.08566159021554,3
"88","Brigham Young",35,40.2,74.3,27.4,60,0.457,8,22.7,0.353,11.4,15.9,0.718,9.9,27.7,37.6,14.6,4.8,3.2,12.6,17.7,0.549,0.524,152.8,29.6,77.7,54.4,53.3,15.7,6.9,8.6,1.2,54.9,105.8,97.4,8.4,2455.4,69.8,1.533,1.2,0.4,0.19,24,11,0.686,"WCC","UT",0.413505455926509,4
"89","New Mexico",32,40.2,74.3,26.1,60,0.434,7.8,22.6,0.344,14.3,19.1,0.75,8,24.6,32.6,11.8,6.3,4.3,11.7,18.3,0.537,0.499,152.8,22.9,72.1,47.2,45.1,14.5,8.6,11.2,1.2,49.7,102.3,103.8,-1.5,2323.5,72.2,1.451,1,0.5,0.239,13,19,0.406,"MWC","NM",-0.425202640841215,2
"90","Portland",34,40.1,74.2,25.2,57.7,0.437,7.8,22.2,0.35,16,20.2,0.791,8.2,27.4,35.5,14.3,5.1,2.5,13.3,16.4,0.551,0.504,157.8,24.4,74.5,50.6,56.8,16.5,7,6.8,1.3,52.4,102.3,99.4,2.8,2467.7,72.5,1.568,1.1,0.4,0.277,19,15,0.559,"WCC","OR",-0.234857540865565,3
"91","Chattanooga",35,40.3,74.2,27.3,58.8,0.464,7.9,22.9,0.345,11.7,15.6,0.746,9.8,24.6,34.4,12.8,7.2,2.1,10.9,15.6,0.56,0.531,155.5,31.5,74.2,53.5,47,14.2,10.8,6.4,1.3,55.5,110.5,95.9,14.6,2349.7,66.6,1.47,1.2,0.7,0.198,27,8,0.771,"SoCon","TN",1.35928267143055,4
"92","Illinois State",33,41.1,74.2,26.3,58.4,0.451,7.8,21.4,0.367,13.6,18.3,0.745,9.1,24.8,33.8,12.3,6.8,4.7,13.8,17.4,0.553,0.518,156.4,27.7,71.7,50.2,46.7,17.1,9.5,12.5,1.3,51.2,103.4,104.2,-0.8,2366.3,69.8,1.467,0.9,0.5,0.234,13,20,0.394,"MVC","IL",0.0625566778464002,2
"93","Rice",33,40.6,74.1,26.3,57.3,0.459,9,24.3,0.37,12.5,17.5,0.715,8.3,26.2,34.5,15.5,5.1,1.8,12.5,13.9,0.564,0.537,154.3,25.9,73.3,50.8,59.1,16,7.3,4.5,1.3,54.7,106,104.9,1.1,2308.5,69,1.591,1.2,0.4,0.218,16,17,0.485,"C-USA","TX",0.0566083934721605,2
"94","Xavier",36,40.5,74.1,26.5,58.7,0.451,6.7,20.9,0.322,14.4,20.7,0.698,9.7,26.2,35.9,14.8,7.5,4.3,11.7,15.4,0.541,0.509,147.1,28.5,74.7,51.9,55.9,14.6,10.5,11.4,1.3,58.2,104.9,98,6.9,2544,69.7,1.559,1.3,0.6,0.246,23,13,0.639,"Big East","OH",1.05592016834434,4
"95","Florida Atlantic",34,40.1,74.1,26.7,58.9,0.453,8.8,25,0.352,11.9,16.8,0.712,10.3,24.8,35.1,13.4,7.4,2.9,12.9,16.9,0.554,0.527,151.7,30.9,75.7,53.1,50.1,16.1,10.6,7.8,1.3,54.6,106.6,98,8.6,2362.6,69.3,1.501,1,0.6,0.203,19,15,0.559,"C-USA","FL",0.871523352742928,4
"96","Marquette",32,40.3,74,26.9,59.8,0.45,8.6,25,0.344,11.6,15.7,0.741,7.1,26.3,33.5,16,7.8,5.2,12.3,17.4,0.55,0.521,153.4,21.3,69.2,46.8,59.3,15.5,10.6,12.9,1.2,57.6,101.7,98.4,3.3,2329.6,72.3,1.593,1.3,0.6,0.194,19,13,0.594,"Big East","WI",0.401608887178033,3
"97","Ohio",35,40,74,25.7,59.5,0.431,9,26.9,0.335,13.7,18.8,0.729,9.4,23.6,33,12.6,7.5,2.6,10.5,14.4,0.541,0.507,149.5,26.3,75,49.1,49.1,13.3,10.8,7.4,1.2,54.5,106.4,97.7,8.7,2434.8,69.6,1.491,1.2,0.7,0.23,25,10,0.714,"MAC","OH",0.520574574662817,4
"98","Lipscomb",33,40,74,25.8,56.4,0.457,8.1,23.5,0.344,14.4,19.8,0.729,6.8,27.5,34.4,15.2,4.4,2.7,13.2,13.5,0.563,0.529,153,21.7,72.9,49.6,59.1,16.8,6.1,7,1.3,54.3,102.7,106.6,-4,2378.8,72.2,1.591,1.1,0.3,0.255,14,19,0.424,"A-Sun","TN",-0.609599456442628,2
"99","Marshall",33,40,74,27.8,63.8,0.436,7.6,25.2,0.301,10.7,15.2,0.705,10,25.2,35.3,14.3,6.8,4.8,13.1,15.5,0.521,0.495,144.3,26.9,72.6,48.9,51.3,15.6,9.1,11.9,1.2,54.4,99.9,103.2,-3.3,2445,74.1,1.513,1.1,0.5,0.168,12,21,0.364,"C-USA","WV",-0.972444803271218,2
"100","Miami (FL)",37,40.1,73.9,27.3,57.7,0.473,6.9,20.5,0.339,12.4,16.6,0.742,6.8,22.5,29.4,14.1,8.9,3.2,9.5,14.9,0.563,0.533,155.4,21.6,70.5,46.2,51.7,12.6,12.8,9,1.3,57.3,107.7,102.5,5.2,2540.2,68.5,1.517,1.5,0.9,0.214,26,11,0.703,"ACC","FL",1.13919614958369,2
"101","Drake",36,40.8,73.9,27.2,59.1,0.46,7,20.4,0.344,12.5,16.5,0.755,9.6,24.1,33.7,11.9,7,3.2,10.7,17,0.552,0.52,155.9,29.4,75.3,52.1,43.6,13.8,10.3,9.5,1.3,52.9,108.6,97.6,11,2450.1,66.7,1.436,1.1,0.7,0.211,25,11,0.694,"MVC","IA",1.0499718839701,4
"102","Long Beach State",33,40.3,73.8,25.5,58.4,0.437,6.5,18.6,0.346,16.4,22.5,0.729,9.4,24.8,34.2,12.5,7,3.1,13.2,16.4,0.535,0.492,151.2,27.4,74,50.4,48.9,16.1,9.6,8.6,1.3,50.3,101.3,100.1,1.2,2406,72.3,1.489,0.9,0.5,0.281,20,13,0.606,"Big West","CA",-0.270547247110995,3
"103","Northwestern State",32,40,73.8,28,62.9,0.445,7.3,21.3,0.342,10.6,15.3,0.694,10.9,24,34.9,15,6.3,3.5,14.3,16.9,0.526,0.503,148.1,29.4,68.5,48.4,53.7,16.9,8.5,8.6,1.2,52,99.9,108.8,-8.9,2365.5,73.9,1.537,1.1,0.4,0.169,9,23,0.281,"Southland","LA",-1.26391073760894,1
"104","Southern Methodist",33,40,73.8,25.1,56.9,0.44,8.5,24,0.354,15.2,20.3,0.75,8.8,27.5,36.3,13.8,6.3,4.3,12.3,15.2,0.555,0.515,154.4,26.6,70.6,50.4,55.3,15.6,8.9,10.4,1.3,57.4,104.8,95.3,9.5,2325.3,70.4,1.553,1.1,0.5,0.267,24,9,0.727,"AAC","TX",1.02617874647315,4
"105","UC Santa Barbara",28,40.9,73.8,27,54.5,0.494,5.4,16.4,0.332,14.4,20.4,0.708,8.9,25.4,34.3,15.6,6.3,2.9,13.2,17.3,0.574,0.544,153.4,29.6,75,53.7,58,17.1,9.1,7.7,1.4,55,107.3,95.6,11.7,1924.8,67.3,1.58,1.2,0.5,0.265,17,11,0.607,"Big West","CA",1.12729958083521,4
"106","UMBC",32,40.1,73.7,25.4,57.3,0.444,9.2,24.3,0.378,13.7,17.5,0.784,7.2,25.1,32.3,12.4,4.8,2.1,11,13.3,0.562,0.524,160.6,21.8,73.5,48.1,48.7,14.3,6.8,5.3,1.3,51.6,106,103.6,2.3,2226.5,69.3,1.487,1.1,0.4,0.24,18,14,0.563,"AM East","MD",-0.258650678362513,2
"107","Portland State",31,40.3,73.5,26.5,61.5,0.43,6.2,20.6,0.298,14.5,19.5,0.742,9.6,23.2,32.9,11.4,9.3,3.3,12.4,19.8,0.52,0.481,147.1,26.5,69,46.9,42.9,14.9,12.8,9.4,1.2,48.5,100.4,98.5,1.9,2270.3,72.6,1.429,0.9,0.8,0.236,14,17,0.452,"Big Sky","OR",-0.0623572940126253,3
"108","Jacksonville State",32,40.4,73.5,26.2,56.1,0.467,9.3,24,0.386,11.9,17.3,0.686,9.3,26.3,35.5,14.3,6.2,2.9,13.1,14.3,0.571,0.549,153.9,29.2,74.2,53,54.7,16.9,9.1,8.8,1.3,56.5,107.8,98.5,9.3,2182.7,67.5,1.547,1.1,0.5,0.212,21,11,0.656,"A-Sun","AL",1.0499718839701,4
"109","Tennessee",35,40.2,73.5,26.1,60.2,0.434,8.7,24.2,0.36,12.5,17.4,0.715,11.2,24.9,36.1,16.5,9.3,4.3,12.3,16.9,0.536,0.507,150.9,32.4,74.2,53,63,15.2,13.3,12.9,1.2,60.7,105.3,90.2,15.1,2442.4,69.5,1.63,1.3,0.8,0.207,27,8,0.771,"SEC","TN",1.54962777140619,4
"110","Fort Wayne",33,40.6,73.5,26.2,57.2,0.458,9.4,25.4,0.371,11.7,15.6,0.748,6.8,22.7,29.4,14.1,8.8,2.5,13.5,15.2,0.568,0.54,157.6,21.7,74.2,47.7,53.8,17.3,12.4,7.4,1.3,51.9,103.3,97.9,5.4,2347.2,70.1,1.538,1,0.6,0.204,21,12,0.636,"Horizon","IN",-0.0742538627611056,4
"111","Utah State",34,40.5,73.4,27,56.6,0.476,7.8,22.8,0.342,11.7,16.2,0.721,7.9,26.2,34.1,17.9,6.1,2.1,12.5,16.5,0.571,0.545,153.9,25.6,78,52.9,66.4,16.2,9,6.2,1.3,57.1,106.9,97.3,9.6,2336,67.8,1.664,1.4,0.5,0.207,18,16,0.529,"MWC","UT",0.722816243386947,4
"112","Colorado State",31,40.3,73.4,26.5,55.2,0.48,7.8,21.8,0.357,12.6,16.4,0.773,6.5,24.5,31.1,14.3,6.4,3.1,10.1,15.1,0.583,0.551,161,22,75.5,49.9,53.8,13.8,9.5,9.8,1.3,56.5,110,99,11,2068.7,66.2,1.538,1.4,0.6,0.229,25,6,0.806,"MWC","CO",1.23436869957152,4
"113","Delaware",35,40.2,73.4,26,55.4,0.469,7.5,21.5,0.347,14,18.8,0.744,8.2,23.2,31.4,12.6,6.7,3.7,12.6,15.6,0.57,0.536,156,26.8,70.1,49.3,48.4,16.3,9.6,9.8,1.3,52.6,106.5,101.9,4.6,2411.1,68.5,1.484,1,0.5,0.252,22,13,0.629,"CAA","DE",0.455143446546187,2
"114","Liberty",33,40.3,73.4,25.8,54.6,0.473,10.3,27,0.382,11.5,15.2,0.756,6.6,26.5,33.1,14.7,5.4,1.9,11.6,15,0.594,0.567,161.1,22.3,79.3,52.5,57.1,15.8,8,5.9,1.3,55.8,109.4,94.6,14.8,2213.9,66.6,1.571,1.3,0.5,0.21,22,11,0.667,"A-Sun","VA",1.13324786520945,4
"115","DePaul",31,40.1,73.3,26.3,60.7,0.433,6.6,20.8,0.317,14.1,20.3,0.693,11.2,26.1,37.3,11.4,6.2,5,12.3,15.7,0.521,0.488,144.3,31.2,72,51.7,43.4,14.8,8.8,12.5,1.2,53.3,102.9,101.4,1.5,2207.7,71.1,1.434,0.9,0.5,0.232,15,16,0.484,"Big East","IL",0.139884374711503,2
"116","Nebraska",32,40.7,73.3,26,58.6,0.444,7,21.9,0.32,14.3,19.5,0.731,6.8,25.3,32,12.8,7.2,2.7,12.6,17.4,0.54,0.503,149.4,19.7,69.5,45.3,49,15.6,9.7,7.2,1.3,48.3,99,106.1,-7.1,2368.8,72.7,1.49,1,0.6,0.244,10,22,0.313,"Big Ten","NE",-0.562013181448719,1
"117","Central Arkansas",31,40.3,73.2,27.8,63.2,0.44,6.7,22.2,0.3,10.9,14.3,0.761,9.3,24.7,34,14.3,6.8,3.2,13.7,16.7,0.523,0.493,150.1,26.2,70.7,48.2,51.5,16.3,9.2,8,1.2,50.2,98.6,109.3,-10.7,2301.2,73.7,1.515,1,0.5,0.172,11,20,0.355,"A-Sun","AR",-1.40072127821644,1
"118","Tulane",29,40.5,73.1,25.3,57.3,0.442,8.1,22.1,0.365,14.4,19.1,0.756,6.4,24.4,30.9,13.5,7.9,3.3,10.5,16.1,0.551,0.512,156.3,19.4,68.2,44.8,53.4,13.7,11.2,10,1.3,53.3,103.4,101.4,2,2050.9,69.9,1.534,1.3,0.8,0.252,14,15,0.483,"AAC","LA",0.514626290288578,2
"119","NC State",32,40.8,73,25.8,62.4,0.413,8.3,24.5,0.341,13.2,18.2,0.725,11.1,22.6,33.8,11.3,7,3.7,10.1,16.5,0.514,0.479,147.8,29.3,69.7,47.9,43.9,12.4,10.1,9.6,1.2,50.2,104.4,108.1,-3.7,2236.8,68.6,1.439,1.1,0.7,0.211,11,21,0.344,"ACC","NC",-0.0980470002580584,2
"120","Idaho",31,40.3,73,25.2,56.9,0.442,8,21.5,0.372,14.7,20,0.735,7.7,25.3,33,11.9,3.5,2.2,13.6,19.6,0.55,0.512,154.9,22.9,74.5,48.8,47.4,17,4.9,5.5,1.3,43.5,101,110.2,-9.2,2240.4,71.8,1.474,0.9,0.3,0.258,9,22,0.29,"Big Sky","ID",-1.32339358135133,2
"121","Northwestern",31,40.6,73,26.6,62.2,0.427,8.4,24.1,0.347,11.5,15.9,0.719,8.8,25.4,34.3,15.8,6.5,3.5,9.8,17.6,0.523,0.495,149.3,24.6,77,49.7,59.5,12.3,9.2,10.7,1.2,54.6,103.1,98.8,4.3,2193.4,69.7,1.595,1.6,0.7,0.184,15,16,0.484,"Big Ten","IL",0.0744532465948728,3
"122","Stony Brook",31,40.2,72.9,26.3,60,0.438,8.2,24.2,0.339,12.2,16.2,0.752,9,24.5,33.6,11.2,6.7,2.9,10.6,14.3,0.539,0.506,153,26,71.1,48.5,42.5,13.6,9.7,8.1,1.2,52.1,105.2,105.4,-0.3,2150,69.1,1.425,1.1,0.6,0.203,18,13,0.581,"AM East","NY",0.217212071576618,2
"123","Towson",34,40.1,72.9,25.6,57.1,0.448,7.8,21.9,0.357,13.9,19.4,0.719,11.3,23.9,35.1,13.5,7.3,2.7,11.9,17.4,0.549,0.516,152.3,35,74.3,54.6,52.6,15.2,10.8,8.5,1.3,54.7,108.9,96,12.9,2276.2,66.8,1.526,1.1,0.6,0.243,25,9,0.735,"CAA","MD",1.47230007454109,4
"124","Coastal Carolina",33,40.4,72.8,26.4,58.7,0.45,7.5,21,0.355,12.5,18,0.696,11.2,27.4,38.7,13.5,6.7,3.7,13.2,14.3,0.541,0.513,150.1,33.4,72.9,54.3,51,16.4,9.7,11.2,1.2,56.7,105.3,94.5,10.9,2282.1,68.4,1.51,1,0.5,0.214,19,14,0.576,"Sun Belt","SC",1.04402359959586,4
"125","Drexel",29,40.3,72.8,27.4,59.2,0.463,7.3,21,0.346,10.7,15,0.71,8.3,25.1,33.4,12.5,4.8,3,10.9,15.2,0.549,0.525,152,25.3,75.1,50.5,45.5,14.1,6.9,7.5,1.2,51.2,105.5,101.8,3.7,2001.3,68.4,1.455,1.1,0.4,0.18,15,14,0.517,"CAA","PA",-0.20511611899437,2
"126","Loyola (IL)",33,40.6,72.8,25.9,54.4,0.476,8.9,23.4,0.379,12.1,17,0.712,7.4,25.3,32.7,14.9,6.9,2.4,12.2,17.2,0.583,0.558,156.7,24.6,77.2,52.2,57.5,16.3,10.4,7.3,1.3,54.7,108.5,91.6,16.9,2215.2,66.2,1.575,1.2,0.6,0.223,25,8,0.758,"MVC","IL",1.36523095580478,4
"127","Ohio State",32,40.3,72.8,25.6,54.4,0.471,7.8,21.5,0.365,13.8,18.2,0.757,8.4,24.9,33.3,12.5,4.5,4.7,11.2,16.4,0.578,0.543,159.3,28.5,72.4,52.1,48.7,15.1,6.7,12.6,1.3,54.2,109.8,102.1,7.7,2121.2,65.8,1.487,1.1,0.4,0.253,20,12,0.625,"Big Ten","OH",1.07376502146706,4
"128","North Carolina Central",31,40.5,72.8,26.1,58.1,0.449,6.5,19.5,0.332,14.1,21.1,0.668,11.4,23.8,35.2,12.4,8.7,2.2,15.8,20.4,0.534,0.505,144.9,33.4,71.8,52.4,47.5,18.8,12.2,7,1.3,47.3,100.9,94.8,6.1,2236.4,71.3,1.475,0.8,0.6,0.243,16,15,0.516,"MEAC","NC",0.163677512208462,3
"129","Tennessee Tech",32,40.3,72.8,28,62.4,0.449,7,20.5,0.342,9.7,14.7,0.661,11.3,24.9,36.1,16,7.3,3.7,13.3,14.5,0.524,0.505,145.2,31.6,71,51.1,57.1,16,10.1,10,1.2,56.3,101.6,102.8,-1.3,2292.2,71.1,1.571,1.2,0.5,0.155,11,21,0.344,"OVC","TN",-0.252702393988279,2
"130","Texas A&M",40,40.5,72.7,25.9,58.4,0.443,6.5,20,0.325,14.5,20.6,0.703,11.5,23.3,34.8,13.5,10,3.4,13.1,17.5,0.533,0.499,147.1,33.9,68.2,51.1,52.3,16.1,14.1,9.9,1.2,54.6,103.7,94.3,9.5,2803.1,69.3,1.523,1,0.8,0.249,27,13,0.675,"SEC","TX",1.34143781830783,3
"131","Sacred Heart",30,40.3,72.7,26.9,60.4,0.445,8.1,23.5,0.343,10.8,14.9,0.725,10.8,24.2,35,14.5,5.5,2.2,13.9,15.6,0.538,0.512,151.3,31.3,70.1,50.7,54,17.1,7.8,5.7,1.2,50.8,103.2,106.7,-3.5,2112.6,69.9,1.54,1,0.4,0.179,10,20,0.333,"NEC","CT",-0.805892840792521,2
"132","Michigan",34,39.9,72.6,26.9,57.6,0.467,6.3,18.5,0.339,12.6,16.9,0.746,9.4,25.2,34.6,14.1,4.7,3.3,11.6,15.2,0.554,0.521,155.2,30.3,76.6,54.1,52.6,15.1,6.9,8.6,1.3,54.4,106.9,102.1,4.8,2310.4,68.1,1.526,1.2,0.4,0.219,19,15,0.559,"Big Ten","MI",0.252901777822051,2
"133","Youngstown State",34,40.1,72.6,25.8,57.6,0.448,7.5,21.9,0.343,13.5,17.7,0.761,9.8,23.9,33.7,11.9,5.4,2.6,11.7,17.4,0.55,0.513,155.2,30.2,72.9,51.7,45.9,15.1,7.8,6.9,1.3,49.7,106.4,102.3,4.1,2321.7,68,1.459,1,0.5,0.234,19,15,0.559,"Horizon","OH",0.294539768441725,2
"134","Notre Dame",35,40.5,72.6,26.1,56.4,0.463,9.1,23.8,0.381,11.3,15,0.753,6.5,26.1,32.7,14,5.2,1.9,10.4,12.7,0.571,0.543,159.7,20.9,75.9,49.7,53.8,14.1,7.7,4.8,1.3,54.5,107.7,99.6,8.1,2359.5,66.6,1.538,1.3,0.5,0.201,24,11,0.686,"ACC","IN",0.461091730920424,4
"135","Wofford",32,40.1,72.6,25.6,54.9,0.465,9.5,26.6,0.356,12,15.8,0.758,8.1,22.3,30.3,13.3,6.9,1.5,11.6,15.2,0.581,0.551,157.9,27.7,78.8,52.8,52,15.7,10.5,5.2,1.3,52.6,109.8,100.2,9.5,2115.5,65.9,1.52,1.1,0.6,0.218,19,13,0.594,"SoCon","SC",0.871523352742929,4
"136","LSU",34,40.2,72.6,25.9,59,0.438,6.5,20.5,0.316,14.4,19.7,0.731,11.7,24.5,36.2,12.7,11,4.3,14.7,19.1,0.531,0.493,148.5,33.6,69.8,51.8,49,17.7,15.4,14.6,1.2,54.4,101.6,88.8,12.8,2427.6,71,1.49,0.9,0.7,0.244,22,12,0.647,"SEC","LA",1.50798978078652,3
"137","Nevada",31,40,72.5,25.9,57.6,0.449,7,20.9,0.333,13.8,18.5,0.749,8,26,34,14.6,6.4,3.3,13.2,17.6,0.546,0.51,153.1,24.3,75.7,50.6,56.5,16.6,8.9,10,1.3,52.3,101.2,102.8,-1.6,2222,71.7,1.565,1.1,0.5,0.24,13,18,0.419,"MWC","NV",-0.0861504315095816,2
"138","Wyoming",34,40.6,72.5,25.1,54.9,0.457,8.1,23.6,0.342,14.3,19.7,0.725,7.9,26.9,34.8,11.2,3.9,2,11.3,15.2,0.565,0.531,152.4,25,76.1,52,44.7,15,5.8,5.4,1.3,49.5,107.3,96.9,10.4,2299.1,66.7,1.447,1,0.3,0.26,25,9,0.735,"MWC","WY",0.478936584043141,4
"139","Utah Tech",31,40.1,72.5,25.6,60.2,0.426,7.1,22.5,0.314,14.1,20.8,0.679,10.2,26.8,37,15.5,6.7,2.4,15.1,18.8,0.517,0.485,141.9,27.7,72.5,50.1,60.3,17.7,9,6.3,1.2,49.8,97,99.1,-2.1,2317.2,74.5,1.603,1,0.4,0.235,13,18,0.419,"WAC","UT",-0.865375684534917,3
"140","New Mexico State",34,40.1,72.5,25.6,56.3,0.454,7.9,23.9,0.33,13.5,19.2,0.702,10.6,26.6,37.1,13.8,5,4.1,14.1,15.9,0.554,0.524,148.7,32.9,75.3,55.1,53.9,17.7,7.2,12.2,1.3,54.3,105.2,93.8,11.4,2343.3,68.8,1.539,1,0.4,0.239,27,7,0.794,"WAC","NM",0.490833152791622,4
"141","Louisiana-Monroe",31,40.4,72.5,27.1,59.6,0.454,7.1,20.9,0.338,11.3,15.5,0.724,8.3,22.9,31.3,15,7.2,2.7,12.7,16.8,0.541,0.514,151.6,24.9,67.6,46.4,55.5,16,10.1,7.8,1.2,50.8,101.8,104.5,-2.6,2205.7,70.4,1.555,1.2,0.6,0.189,13,18,0.419,"Sun Belt","LA",-0.692875437681979,2
"142","USC",34,40.3,72.4,26.8,58.9,0.455,6.8,18.9,0.357,12.1,18.2,0.664,11,28,39,14.3,5,4.4,12.2,15.6,0.536,0.512,147.6,32.5,74.4,54.6,53.3,15.3,7.3,11.1,1.2,56.7,105.3,96,9.3,2336.1,68.2,1.533,1.2,0.4,0.205,26,8,0.765,"Pac-12","CA",0.817988793374777,4
"143","Oregon",35,40.2,72.3,26.7,59.3,0.451,7.1,21.4,0.333,11.7,17.3,0.679,9.6,23.8,33.5,12.2,6.8,3.5,11.7,16.6,0.536,0.511,146.3,28.7,69.8,49.5,45.5,14.8,9.8,9.4,1.2,51,103.8,100.1,3.8,2438.4,69.3,1.455,1,0.6,0.198,20,15,0.571,"Pac-12","OR",0.0922980997175961,2
"144","Michigan State",36,39.9,72.3,26.1,57.2,0.456,7.3,19.3,0.378,12.8,17.1,0.75,9.4,26,35.4,15.7,5.7,5,12.8,16.9,0.553,0.52,158.3,29.7,74.2,53.1,60.2,16.3,8.3,13.6,1.3,57.2,105.2,100.5,4.7,2473,68.9,1.602,1.2,0.4,0.224,23,13,0.639,"Big Ten","MI",0.639540262147596,2
"145","Montana",32,40.2,72.2,24.8,54.8,0.453,7,20,0.349,15.6,19.8,0.785,5.8,23.8,29.6,13.1,5.5,2.8,10.3,18.7,0.563,0.517,158.8,18.7,77.3,47.8,52.9,13.8,8,7.7,1.3,49,105.3,97.6,7.7,2193.4,68.3,1.529,1.3,0.5,0.284,18,14,0.563,"Big Sky","MT",0.145832659085751,4
"146","UNC Wilmington",36,40.8,72.1,25.1,59.2,0.424,7.1,21.4,0.333,14.8,19.9,0.743,9.6,22.6,32.2,10.6,7.6,4,10,18,0.526,0.485,150,27.5,68.9,47.5,42.4,12.8,11.1,10.7,1.2,49.1,105,100.4,4.6,2473.4,67.3,1.424,1.1,0.8,0.249,27,9,0.75,"CAA","NC",0.502729721540095,2
"147","Texas Tech",37,40.3,72.1,26.2,55.5,0.472,6.1,18.9,0.321,13.6,19.5,0.698,9.8,25,34.8,13.7,8,3.5,13.5,16.2,0.556,0.526,149.1,32.4,75.2,54.8,52.2,17.2,11.6,12.1,1.3,54.9,104.8,88.2,16.6,2544.6,68.2,1.522,1,0.6,0.245,27,10,0.73,"Big 12","TX",1.27005840581695,3
"148","East Tennessee State",32,40.1,72.1,26.7,60,0.444,8.8,25.1,0.35,10,13.8,0.725,10.4,23.3,33.6,13.1,6.8,2.8,11.2,14.8,0.541,0.517,151.9,30.6,69.7,50,49.2,14.4,10,8.7,1.2,53.5,106.9,108.3,-1.4,2156.2,67.2,1.492,1.2,0.6,0.166,15,17,0.469,"SoCon","TN",0.41945374030075,2
"149","Pennsylvania",28,40.3,72,26.7,59.9,0.446,8.1,24.1,0.335,10.5,14.5,0.728,8.3,25.2,33.5,12.6,5.5,2.3,11.8,17.3,0.539,0.513,150.9,24.4,72.5,48.7,47.3,15,7.9,6,1.2,48.5,102.8,107.7,-4.9,1962.8,69.6,1.473,1.1,0.5,0.176,12,16,0.429,"Ivy","PA",-0.502530337706324,2
"150","Illinois-Chicago",30,40.5,72,26.6,60.5,0.44,9,27.9,0.324,9.7,13.8,0.705,8.4,24.1,32.5,14.7,5.8,4,12,17.2,0.537,0.514,146.9,24.2,73.8,48.3,55.3,15.2,8.2,9.4,1.2,51.1,101.9,103.2,-1.4,2119.6,69.8,1.553,1.2,0.5,0.161,14,16,0.467,"Horizon","IL",-0.728565143927413,2
"151","Seton Hall",32,40.1,71.9,25.3,60.2,0.42,7.3,21.6,0.338,14.1,18.8,0.753,11.5,26,37.4,10.3,7.1,5.4,12.1,15.6,0.521,0.481,151.1,32,71.3,51.8,40.8,14.9,10.2,13.8,1.2,53.5,103.7,95.7,8,2220.1,69.1,1.408,0.9,0.6,0.235,21,11,0.656,"Big East","NJ",0.740661096509664,3
"152","Southern",31,40.1,71.9,25.5,57.9,0.441,6.9,19.5,0.353,14,20.1,0.696,9.2,21.8,31.1,13.4,10.5,2.6,14.5,20.5,0.533,0.5,148.9,27.1,69.7,47.5,52.5,17.7,14.5,7.8,1.2,48.1,99,93.5,5.5,2250.7,72.4,1.525,0.9,0.7,0.242,17,14,0.548,"SWAC","LA",0.0685049622206386,3
"153","South Carolina State",31,40.5,71.8,25.7,65.5,0.393,6.4,21.2,0.3,14.1,20.4,0.689,14.6,26.1,40.7,12.2,6.6,3.6,15,19.8,0.478,0.441,138.1,35.1,73.9,53,47.6,16.7,8.8,10.1,1.1,46.2,95.1,96,-0.9,2341.6,74.7,1.476,0.8,0.4,0.215,15,16,0.484,"MEAC","SC",-1.29960044385438,3
"154","Yale",31,41.5,71.8,25.6,58.1,0.442,6.8,20.9,0.328,13.7,18.6,0.735,8.5,26.5,34.9,12,6.2,3.2,12.9,17.5,0.537,0.501,150.4,24.7,74.1,49.9,46.7,16.2,8.8,9.3,1.2,47.5,101.1,97.3,3.8,2201.9,68.5,1.467,0.9,0.5,0.236,19,12,0.613,"Ivy","CT",-0.0802021471353444,3
"155","Quinnipiac",31,40.1,71.8,25.5,59,0.431,8.9,25.8,0.345,12,15.7,0.765,9.6,24.9,34.5,14.4,6.4,2.1,13,16.7,0.54,0.507,154.1,28.6,72.4,50.8,56.5,16.3,9.1,5.7,1.2,51.3,102.6,102.2,0.5,2168.7,69.7,1.565,1.1,0.5,0.203,14,17,0.452,"MAAC","CT",-0.121840137755019,2
"156","Villanova",38,40.1,71.7,24.3,56.1,0.432,9.3,26,0.359,13.9,16.7,0.83,9.8,23.9,33.7,11.9,6,2.2,9.9,14.9,0.56,0.515,162.1,30.5,72.3,51.7,48.9,13.4,9.3,6.8,1.3,53.7,111.3,97.3,14,2450,64.3,1.489,1.2,0.6,0.247,30,8,0.789,"Big East","PA",1.47230007454108,4
"157","Clemson",33,39,71.7,25.8,56.6,0.456,7.8,21.4,0.363,12.4,16.8,0.736,7.9,25.4,33.3,14.2,5.9,2.3,11,15.8,0.555,0.524,155.4,25,76.4,51.3,55.2,14.6,8.7,7.2,1.3,54.8,106,101.2,4.8,2232.5,69.3,1.552,1.3,0.5,0.219,17,16,0.515,"ACC","SC",0.591953987153687,2
"158","South Alabama",33,40.3,71.6,26.2,56.9,0.46,6.8,20.2,0.337,12.5,18,0.692,9.2,24,33.2,11.9,7,4.9,12.5,16.4,0.547,0.519,148.9,28.3,70.2,49.8,45.5,16.1,10.2,14.2,1.3,52,104.5,93.4,11.1,2261.2,68,1.455,0.9,0.6,0.219,21,12,0.636,"Sun Belt","AL",0.502729721540098,3
"159","Providence",33,40.7,71.5,24.5,56.3,0.435,7.4,21.4,0.344,15.2,20.8,0.728,10.6,26.2,36.8,13.2,5,3.7,11.4,16,0.54,0.5,150.7,31,73.8,52.8,54.1,14.7,7.4,9.6,1.3,53.3,105.8,97.9,7.9,2231.5,66.4,1.541,1.2,0.4,0.269,27,6,0.818,"Big East","RI",0.972644187104996,4
"160","USC Upstate",32,40.3,71.5,25.5,57,0.447,8,22,0.365,12.5,16.5,0.756,7.2,23.9,31.1,13.7,6.3,3.3,12.7,19.1,0.551,0.518,156.8,22.1,71.3,47.1,53.7,16.4,9,9.8,1.3,48.4,101.4,103.8,-2.4,2256.2,70,1.537,1.1,0.5,0.219,15,17,0.469,"Big South","SC",-0.365719797098823,2
"161","Harvard",26,40.6,71.5,26,60.2,0.432,8.5,25.8,0.33,11,15.8,0.693,9.1,24.6,33.7,11.3,7.6,2.4,12.3,15.7,0.528,0.503,145.5,25.1,76.6,49.4,43.6,15.4,10.8,7.3,1.2,48.4,100.8,97.5,3.3,1842.6,69.8,1.436,0.9,0.6,0.182,13,13,0.5,"Ivy","MA",-0.228909256491326,3
"162","Washington State",37,40.1,71.5,24.5,60.5,0.406,8.9,26.7,0.335,13.4,18.1,0.744,11.8,23.8,35.6,11.2,6.4,4.5,11.2,17.4,0.517,0.479,148.4,32.8,71.2,51.3,45.8,14,9.4,12.3,1.2,51,104.5,94.9,9.6,2529.6,68.3,1.458,1,0.6,0.222,22,15,0.595,"Pac-12","WA",0.354022612184121,4
"163","Texas-RGV",31,40,71.4,24.5,55.5,0.441,6.3,20.8,0.304,16.1,23.1,0.695,8.3,24.7,32.9,12.2,5.2,3.2,15.4,20,0.536,0.498,144,24.5,67.9,47,49.9,18.8,7.1,8.5,1.3,43.1,96.7,106.4,-9.8,2288.6,73.9,1.499,0.8,0.3,0.289,8,23,0.258,"WAC","TX",-1.35908328759677,1
"164","Tennessee State",32,40.2,71.3,25.8,57.9,0.445,6.6,18.8,0.35,13.2,18.4,0.715,9.8,24,33.8,12.3,6.8,3.3,13.9,19.1,0.535,0.502,151,29.6,71.8,50.8,47.6,17.2,9.6,9.7,1.2,47.6,101.3,99.7,1.6,2253.7,70.2,1.476,0.9,0.5,0.227,14,18,0.438,"OVC","TN",-0.246754109614041,3
"165","Kent State",34,40,71.3,25.1,56.8,0.441,7.6,22.7,0.333,13.6,18.2,0.746,9.9,24.6,34.5,12.4,7.1,3.4,12.2,18.1,0.544,0.508,152,30.7,74.6,52.9,49.6,15.7,10.4,11.4,1.3,51.9,104.8,95.9,8.9,2311.3,68,1.496,1,0.6,0.239,23,11,0.676,"MAC","OH",1.00833389335043,4
"166","Utah Valley",32,40.7,71.2,24.9,54.9,0.454,6.4,17.2,0.37,15,21,0.714,10.6,29.1,39.7,14.8,5.5,4.5,15.5,16.8,0.549,0.512,153.8,32.6,76.2,56.2,59.4,19.2,7.8,11.8,1.3,54.4,101.7,93,8.7,2241,68.8,1.594,1,0.4,0.272,20,12,0.625,"WAC","UT",0.895316490239887,3
"167","Bucknell",32,40.9,71.2,25.6,55.9,0.457,7.9,21,0.376,12.1,15.8,0.765,6.4,23.8,30.2,14.7,4.6,3.1,13.5,15.3,0.561,0.528,159.8,20.6,70.2,46.5,57.6,17.5,6.6,7.9,1.3,47.8,101.2,112.9,-11.7,2250.3,68.8,1.576,1.1,0.3,0.217,9,23,0.281,"Patriot","PA",-1.38287642509372,2
"168","Grand Canyon",31,40.1,71.1,25.3,58.8,0.43,8.2,23.2,0.351,12.4,18.2,0.679,12.5,27.2,39.7,12.8,6.6,2.2,13,17.7,0.527,0.5,146.1,35.8,73.1,55,50.5,16.2,9.8,5.9,1.2,52.7,104.6,90.1,14.5,2107.3,67.8,1.505,1,0.5,0.21,23,8,0.742,"WAC","AZ",1.24626526832,4
"169","Louisiana",31,40.3,71.1,24.7,57.8,0.427,7.4,21.2,0.347,14.3,20.3,0.703,11.1,26.3,37.4,12.4,6.8,4.4,15.4,17.9,0.527,0.491,147.7,32.4,73.1,53.2,50.1,18.5,9.5,11.1,1.2,49.8,99.1,96.8,2.3,2222.6,71.2,1.501,0.8,0.4,0.247,16,15,0.516,"Sun Belt","LA",-0.00287445027023177,3
"170","Colorado",33,40.3,71.1,24.8,56,0.442,6.9,18.8,0.366,14.7,19.4,0.756,9.5,26.8,36.3,13.4,5.5,3.2,13.5,15.6,0.545,0.504,156.5,29.6,77,54.2,54,17.2,7.9,8.7,1.3,51.7,102.3,97,5.3,2292.8,69,1.54,1,0.4,0.262,21,12,0.636,"Pac-12","CO",0.300488052815966,3
"171","Richmond",37,40.2,71,25.2,57.1,0.442,7.8,23.8,0.329,12.7,17.7,0.718,6.9,24.2,31.1,14.5,7.6,2.4,9.8,13.9,0.542,0.511,148.9,21.1,71.3,46.7,57.4,13,11.2,6.3,1.2,54,104.5,100.7,3.8,2515.3,67.6,1.574,1.5,0.8,0.223,24,13,0.649,"A-10","VA",0.46704001529466,2
"172","Florida State",31,40.3,71,25.8,59.4,0.434,6.7,20.3,0.331,12.7,18,0.708,10.5,22.9,33.4,14.4,8.5,4.9,12.5,16.3,0.522,0.49,147.3,30.4,69.8,49.6,55.7,15.5,12.2,14.8,1.2,54,101.6,102.9,-1.3,2166.8,69.4,1.557,1.1,0.7,0.214,17,14,0.548,"ACC","FL",0.235056924699336,2
"173","South Carolina",31,40.1,71,26.2,61.7,0.424,6.8,21.5,0.316,11.8,17.6,0.671,12.2,24.4,36.5,14,7.8,5.1,15.2,19.4,0.506,0.479,141.1,33.5,68.9,50.9,53.5,17.8,10.7,13.7,1.2,50.4,97.1,96.1,1,2265.7,73,1.535,0.9,0.5,0.192,18,13,0.581,"SEC","SC",-0.591754603319915,3
"174","Brown",29,40,71,25.5,58.6,0.435,7.2,23,0.313,12.8,18,0.709,10.2,24.8,35,12.2,6.7,3.9,13.1,18,0.529,0.497,145.7,29.1,73.6,50.9,47.9,16.4,9.5,11.1,1.2,49.7,101.3,99.1,2.1,2032.3,70.1,1.479,0.9,0.5,0.218,13,16,0.448,"Ivy","RI",0.0506601090979187,3
"175","Maryland",32,40.3,70.9,24.7,57,0.433,6.9,21.2,0.326,14.7,19.3,0.759,8.9,25,33.9,11.6,6.4,3.2,11.4,15.2,0.536,0.494,151.8,26.6,73,50.1,47.1,14.7,9.3,8.7,1.2,50.3,103.5,103.2,0.3,2192.4,67.9,1.471,1,0.6,0.257,15,17,0.469,"Big Ten","MD",0.324281190312924,2
"176","Manhattan",30,40.5,70.9,24.3,55.3,0.44,5.6,18.3,0.307,16.6,22.5,0.735,9.8,22.9,32.6,11.5,7.2,3.3,14.5,18,0.537,0.491,148.3,30,70.5,50.2,47.4,18,10.1,8.8,1.3,45.9,100,102.5,-2.5,2125.7,70,1.474,0.8,0.5,0.3,15,15,0.5,"MAAC","NY",-0.276495531485232,1
"177","Arkansas State",29,40.1,70.9,25.7,57,0.451,5.4,17.4,0.311,14.1,18.9,0.745,10,25.8,35.8,15.6,7.9,3.3,13.9,16.6,0.537,0.498,150.6,29.8,73.1,52,60.7,17.4,11.2,8.5,1.2,54.8,101,97,4,2034.7,69.9,1.607,1.1,0.6,0.247,18,11,0.621,"Sun Belt","AR",0.687126537141515,3
"178","Virginia Tech",36,40,70.8,25.9,55,0.471,8.9,22.6,0.392,10.1,13.5,0.751,7.9,23.2,31.1,14.3,5.3,3.2,10.9,14.9,0.576,0.551,161.3,27,75.2,51.7,55.2,15,8.3,9.3,1.3,54.2,109.9,97.5,12.4,2319.3,64.4,1.552,1.3,0.5,0.184,23,13,0.639,"ACC","VA",0.69307482151575,4
"179","Indiana",35,40.4,70.8,25.8,56.8,0.454,5.9,17.7,0.333,13.3,19,0.7,8.3,26.1,34.4,14.6,5.6,4.8,11.9,17.4,0.538,0.506,148.7,25.8,75.3,51.4,56.6,15.3,8.1,14.1,1.2,53,102.2,95.5,6.7,2424.7,68.6,1.566,1.2,0.5,0.234,21,14,0.6,"Big Ten","IN",0.223160355950857,3
"180","Vanderbilt",36,40.2,70.8,23.6,55.6,0.424,8.6,25.4,0.34,15,21.5,0.697,9,23.9,32.9,11.7,7.3,3.3,13.1,18.1,0.538,0.502,146.1,26.8,72.9,49.5,49.6,16.6,10.3,9.8,1.3,47.9,101.2,96.9,4.2,2518.9,69.7,1.496,0.9,0.6,0.27,19,17,0.528,"SEC","TN",0.211263787202375,3
"181","Valparaiso",32,41.2,70.8,26.1,56.9,0.459,7.2,21.6,0.332,11.3,14.9,0.759,6.3,24.9,31.2,12.5,6.4,3,11,13.5,0.553,0.523,155.1,20.1,77.4,49,47.8,14.7,9.3,8,1.2,50,103,102.7,0.3,2198.6,66.7,1.478,1.1,0.6,0.199,14,18,0.438,"MVC","IN",-0.0564090096383865,2
"182","Florida International",32,40.8,70.8,25.4,59.1,0.43,9.6,27.5,0.35,10.3,14.7,0.702,9.2,24.8,34,13.8,6.4,4,14,15.4,0.535,0.511,148.2,26.5,70.7,48.8,54.5,17.5,9.1,11.1,1.2,50.3,100,100.5,-0.4,2263.5,69.4,1.545,1,0.5,0.174,15,17,0.469,"C-USA","FL",-0.70477200643046,2
"183","George Mason",30,40.8,70.7,25,56.2,0.446,9.3,26.1,0.358,11.3,16.3,0.694,7.8,25.7,33.5,14.1,5.1,3.2,12.2,16,0.553,0.529,149.7,24.2,76.8,51,56.5,16.1,7.4,9.7,1.3,50.7,103.3,100.1,3.2,2054.6,67.1,1.565,1.2,0.4,0.202,14,16,0.467,"A-10","VA",0.00307383410400539,2
"184","Detroit-Mercy",30,40,70.7,25.1,57.2,0.438,10.4,27.9,0.374,10.2,13.1,0.776,8.9,21.7,30.6,12.1,5.9,1.9,11.6,15.4,0.558,0.53,158.9,27.6,71.1,48.8,48.1,15.5,8.8,6,1.2,48.7,106.8,106.5,0.4,1986.5,66.3,1.481,1,0.5,0.178,14,16,0.467,"Horizon","MI",-0.145633275251973,2
"185","Georgetown",31,39.9,70.7,24.8,62.1,0.4,7.6,22.4,0.342,13.4,18,0.744,11.9,23.6,35.5,11.8,7.2,3.8,13.4,16.2,0.501,0.462,148.6,31.4,70.4,49.7,47.5,15.9,10,10.9,1.1,48.5,98.6,107.5,-8.8,2222.1,71.9,1.475,0.9,0.5,0.216,6,25,0.194,"Big East","DC",-0.97244480327122,1
"186","UMass Lowell",31,40.3,70.7,26.8,60.2,0.445,5.9,19.3,0.306,11.2,15.9,0.702,10.1,24.9,35.1,11.7,7.3,4.2,12.4,16,0.521,0.494,145.3,29.6,73.1,51.3,43.6,15.5,10.5,11,1.2,50.7,101.1,94.1,7,2167.4,69.4,1.436,0.9,0.6,0.185,15,16,0.484,"AM East","MA",0.0268669716009599,3
"187","Western Carolina",32,40.5,70.7,24.6,61.3,0.402,10,31.3,0.319,11.5,17,0.673,11.3,25.4,36.7,12.9,4.9,2.4,12.4,17,0.509,0.483,139.4,29.8,72.7,50.4,52.4,15.2,6.9,7.1,1.2,47.3,100.3,109.7,-9.4,2253.5,69.6,1.524,1,0.4,0.187,11,21,0.344,"SoCon","NC",-0.853479115786432,2
"188","Georgia State",29,40.4,70.7,24.9,62.3,0.4,7.6,23.1,0.33,13.2,18.4,0.72,12.8,23.7,36.5,13.5,8.8,4.5,11.7,16.1,0.498,0.461,145,33.7,70.8,51,54.2,14.1,12.5,12.8,1.1,54.1,100.9,93.8,7,2031.3,69.3,1.542,1.2,0.8,0.213,18,11,0.621,"Sun Belt","GA",0.467040015294668,3
"189","California Baptist",34,40.2,70.6,24.4,55.9,0.437,8,24,0.333,13.8,20.4,0.673,9.8,26.5,36.3,15.9,5.2,2.7,13.9,18.4,0.539,0.509,144.4,28.9,74.2,52.1,65.1,17.5,7.4,7.1,1.3,51.2,101.1,96.1,5,2376.3,69.6,1.651,1.1,0.4,0.246,18,16,0.529,"WAC","CA",0.0506601090979212,3
"190","Akron",34,40.1,70.6,24.3,52.9,0.46,7.8,22,0.354,14.2,20.6,0.689,9.4,24.6,33.9,11.6,5.9,3.2,11.4,15.8,0.563,0.533,150.3,30.4,74.7,53.3,47.9,15.4,9,9.2,1.3,52.2,109,96.7,12.3,2203.7,64.6,1.479,1,0.5,0.268,24,10,0.706,"MAC","OH",1.519886349535,4
"191","Washington",32,40.4,70.6,24.9,60.3,0.413,6.2,19.8,0.312,14.7,20.9,0.701,10.3,21.8,32,10.2,8.3,4.1,11.9,16.6,0.503,0.464,142.6,28.3,64.7,45.8,41,14.5,11.5,10.5,1.2,46,98.3,100.6,-2.3,2299.5,71.1,1.41,0.9,0.7,0.244,17,15,0.531,"Pac-12","WA",-0.722616859553171,3
"192","Florida",34,40.2,70.6,24.3,56.9,0.426,7.9,26.1,0.303,14.1,19.2,0.735,10.3,21.6,31.9,12.8,8.4,5,12.4,16,0.534,0.496,146.5,30.3,68.5,48.7,52.7,15.8,12.3,13.5,1.2,52.7,103.6,97.6,6,2316.7,67.8,1.527,1,0.7,0.248,20,14,0.588,"SEC","FL",0.520574574662816,4
"193","Boston University",35,40.4,70.6,25.5,56.2,0.454,7.5,21.2,0.354,12,16.3,0.739,9.5,24.1,33.6,11,5.6,2.4,12.1,15.6,0.552,0.521,154.7,30.5,75.9,53.4,43,15.9,8.5,6.6,1.3,48.5,106.1,101.7,4.3,2328.5,65.8,1.43,0.9,0.5,0.214,22,13,0.629,"Patriot","MA",0.354022612184115,2
"194","Denver",32,40.4,70.5,25.5,55.4,0.46,7.3,19.7,0.368,12.3,17.6,0.697,7,24.1,31.1,12.3,5.2,3.3,12.9,17.4,0.553,0.526,152.5,22.5,73.3,48.6,48.3,16.9,7.4,9.5,1.3,46.2,100.9,106.4,-5.5,2236.8,69.1,1.483,1,0.4,0.222,11,21,0.344,"Summit","CO",-0.692875437681976,2
"195","Bradley",31,40.2,70.5,25.8,58.1,0.444,7.8,23.1,0.337,11.2,16.2,0.689,10.7,26.8,37.6,13.5,6.4,4.6,13.5,17,0.536,0.511,147,32.1,77.5,55.1,52.4,17.1,9.2,13.1,1.2,53.9,102.5,94.8,7.7,2131.2,68.4,1.524,1,0.5,0.192,17,14,0.548,"MVC","IL",0.740661096509664,3
"196","Mississippi State",34,40.3,70.5,25.3,55.6,0.455,4.6,15.6,0.295,15.3,21.2,0.721,10.7,24.4,35.1,13.4,7.9,3.3,13.2,15.7,0.536,0.496,147.1,33.4,75.2,54.4,52.9,16.7,11.7,10.3,1.3,53,103.7,97.5,6.2,2310.4,67.4,1.529,1,0.6,0.274,18,16,0.529,"SEC","MS",0.954799333982274,3
"197","Mercer",33,40.3,70.5,25.1,54.9,0.457,8.1,23.2,0.351,12.2,15.8,0.77,7.5,23.4,30.9,14.3,6.2,3,12.4,15.2,0.565,0.531,157.8,24.8,73.6,49.9,57.1,16.5,9.2,8.9,1.3,51.5,104.8,105,-0.1,2218,66.8,1.571,1.2,0.5,0.221,16,17,0.485,"SoCon","GA",0.0982463840918346,2
"198","Indiana State",31,40.8,70.5,25,56.7,0.441,8.7,26.1,0.333,11.7,15,0.778,5.8,26.9,32.7,13.1,6,1.9,13.2,15.2,0.552,0.518,155.3,18,77.8,49,52.3,17.1,8.4,5.1,1.2,47.6,99,101.1,-2.1,2205.4,69.8,1.523,1,0.5,0.206,11,20,0.355,"MVC","IN",-0.645289162688068,2
"199","Texas State",29,40.2,70.4,25.5,55.2,0.462,6.3,16.9,0.373,13.2,17.5,0.752,9.6,23.1,32.7,12.7,6.7,3.6,12.3,17.1,0.555,0.519,158.7,30.9,72.5,52,49.7,16.2,10.1,11.4,1.3,51.3,106.2,95.4,10.9,1923.3,66,1.497,1,0.5,0.239,21,8,0.724,"Sun Belt","TX",0.812040509000534,4
"200","Army West Point",31,40.3,70.4,25.9,59.3,0.437,6.7,21,0.321,11.8,18.7,0.63,10.3,25.5,35.8,12.5,7.8,1.9,13.1,14.8,0.516,0.494,138.8,29.1,73.9,51.3,48.4,16.1,11,5.3,1.2,49.7,99.1,99.1,0,2202.1,70.5,1.484,1,0.6,0.199,15,16,0.484,"Patriot","NY",-0.103995284632296,3
"201","North Dakota",31,40.4,70.3,23.8,59,0.404,9,26,0.345,13.6,18.5,0.734,9.7,24.9,34.5,12,4,1.9,12,17.4,0.518,0.48,148.3,26.5,74.6,49.4,50.5,15,5.7,4.9,1.2,44.3,100.4,112.7,-12.3,2168.5,69.3,1.505,1,0.3,0.231,6,25,0.194,"Summit","ND",-1.15684161887264,2
"202","UC San Diego",29,40.1,70.2,24,54.2,0.444,9.1,24.7,0.37,13,17.4,0.748,5.8,24.3,30.1,13.6,5.8,1.8,12.6,14.6,0.562,0.528,156.2,18.5,73.8,46.8,56.7,16.7,8.3,4.6,1.3,48.3,101.5,102,-0.5,2005.3,69,1.567,1.1,0.5,0.24,13,16,0.448,"Big West","CA",-0.609599456442632,2
"203","Bellarmine",33,40.1,70.1,26.6,56,0.475,7.8,22.9,0.34,9.1,12.1,0.753,7,22.1,29.1,14.5,5.6,1.7,9.5,14.3,0.568,0.545,156.8,23.7,71.6,48.2,54.4,13.3,8.7,5.8,1.3,52.2,109,104.4,4.6,2123.2,64.2,1.544,1.5,0.6,0.163,20,13,0.606,"A-Sun","KY",0.276694915319008,2
"204","Charlotte",31,39.9,70,25.2,54.8,0.46,7.5,21.8,0.345,12.1,15.3,0.792,6.7,23.8,30.5,14,4.8,2.9,11.5,14.1,0.564,0.529,159.7,22.3,75.4,49.4,55.4,15.6,7.1,8,1.3,51,104.4,106.2,-1.8,2078.8,67.1,1.554,1.2,0.4,0.221,17,14,0.548,"C-USA","NC",-0.335978375227624,2
"205","Morehead State",34,40.1,70,25.5,56,0.456,8.3,23.1,0.36,10.6,15.9,0.667,10,25.8,35.8,16.1,5.9,5.8,13.5,15,0.551,0.53,148.3,31.3,73,53.2,62.9,17.5,8.7,14.7,1.2,57.9,104,94.3,9.7,2287.7,67.1,1.629,1.2,0.4,0.189,23,11,0.676,"OVC","KY",0.722816243386947,4
"206","St. Bonaventure",33,40.1,70,26.3,58.1,0.453,6.1,18.3,0.331,11.3,15.1,0.751,8.5,23.8,32.3,13.7,6.3,4.8,10.3,13.3,0.536,0.505,153.4,26.3,73.4,49.9,52,13.7,9.4,14.9,1.2,54.7,104.3,99.1,5.2,2214.3,66.9,1.52,1.3,0.6,0.195,23,10,0.697,"A-10","NY",0.181522365331181,3
"207","Cal State Fullerton",32,39.9,70,24.8,55.7,0.445,5.5,16.7,0.329,15,19.5,0.766,9.3,23,32.2,11.3,7.3,2,12.1,15.8,0.539,0.494,154,29.1,73.1,51,45.5,15.7,10.8,5.7,1.3,47.9,103.4,98.3,5.1,2166,67.8,1.455,0.9,0.6,0.269,21,11,0.656,"Big West","CA",0.306436337190203,3
"208","Wisconsin",33,40,69.9,24.7,58.5,0.422,6.5,21.1,0.306,14.1,19,0.743,8.7,25,33.7,11.1,5.3,2.9,8.7,16.8,0.518,0.477,147.1,25.1,76.2,49.9,44.8,11.4,7.8,7.8,1.2,48.6,103.6,97.7,5.9,2228.8,67.6,1.448,1.3,0.6,0.241,25,8,0.758,"Big Ten","WI",0.223160355950857,3
"209","Northern Kentucky",32,40.6,69.9,25.2,58.7,0.429,8.8,25.3,0.345,10.8,15.2,0.714,11.9,22.8,34.7,13.8,9.1,2.5,13.1,15.3,0.531,0.503,148.8,35.2,69.9,52.2,54.7,16.6,13.5,7.4,1.2,53,104.3,97.2,7.2,2144.1,66,1.547,1,0.7,0.185,20,12,0.625,"Horizon","KY",0.895316490239883,4
"210","UNLV",32,39.9,69.9,24.4,57.6,0.425,8.2,24.5,0.336,12.8,17.3,0.738,9.4,25.9,35.3,13.8,6.1,2.8,11.2,17.8,0.531,0.496,149.9,26.8,74.4,50.5,56.5,14.5,9.2,8.6,1.2,51.7,104,97.6,6.4,2150.7,67.3,1.565,1.2,0.5,0.222,18,14,0.563,"MWC","NV",0.657385115270317,4
"211","UCF",30,40.1,69.8,24.7,58.3,0.423,8.8,25.1,0.35,11.7,16.6,0.703,10.6,23.6,34.2,14.5,7,3.7,13,15.7,0.528,0.499,147.7,30.4,69.8,49.8,58.8,16.5,10.1,10.9,1.2,52.4,101.4,99,2.4,2065.1,68.7,1.588,1.1,0.5,0.201,18,12,0.6,"AAC","FL",-0.0385641565156661,3
"212","Hartford",32,40.2,69.8,25,55.6,0.449,9.3,25.1,0.369,10.6,15.3,0.69,7,24.2,31.2,12.2,6,3.2,12.2,15,0.555,0.533,150.9,22.5,72.3,48.2,48.8,16.2,8.9,8.8,1.3,49,102.8,106.2,-3.5,2173.7,67.7,1.488,1,0.5,0.191,12,20,0.375,"AM East","CT",-0.205116118994367,2
"213","Georgia",32,39.9,69.8,23.8,53.9,0.442,6.4,19.9,0.321,15.7,21,0.747,7.6,23.6,31.2,13.9,5.2,2.2,14.4,15,0.546,0.502,151.1,24.2,70.2,48,58.2,18.4,7.4,5.9,1.3,46.2,99.1,111.4,-12.3,2254.6,70.6,1.582,1,0.4,0.292,6,26,0.188,"SEC","GA",-1.33529015009981,1
"214","Utah",31,40.3,69.7,24.3,58,0.419,7.6,22.8,0.335,13.5,17.4,0.774,9.8,25.2,35.1,13.5,4.6,2.9,12.3,16.5,0.526,0.484,152.7,28.5,71.8,50.3,55.5,15.6,6.7,7.5,1.2,48.5,101.9,103.6,-1.7,2121.7,68,1.555,1.1,0.4,0.232,11,20,0.355,"Pac-12","UT",-0.556064897074478,2
"215","Saint Mary's",34,40,69.7,26.1,56.3,0.464,7.2,20.5,0.353,10.2,13.5,0.758,7.9,24.4,32.2,13.5,6.9,2.5,11.2,15.6,0.556,0.528,157.5,26.4,78.7,53.1,51.6,15.2,10.5,6.6,1.2,52.5,105.5,91.7,13.8,2247.1,66.1,1.516,1.2,0.6,0.182,26,8,0.765,"WCC","CA",0.782299087129345,4
"216","Alabama State",31,40.3,69.7,24.2,56.8,0.426,6.2,18.7,0.332,15,21.5,0.698,9.6,23.4,33,12,7.5,3.6,15.4,18.1,0.52,0.481,145.7,28.2,67.3,47.9,49.7,18.7,10.4,9.6,1.2,44.5,95.8,103.4,-7.6,2255.3,72.2,1.497,0.8,0.5,0.264,10,21,0.323,"SWAC","AL",-1.04977250013633,1
"217","Stetson",30,40.7,69.7,25.5,59.3,0.43,8.5,24.3,0.35,10.2,14.7,0.69,9.5,24.5,34,14.3,7,2.9,13,14.8,0.525,0.502,147,28,73.3,50.5,56.2,16.4,10.2,8.4,1.2,50.5,100.6,103.2,-2.6,2078.4,68,1.562,1.1,0.5,0.171,11,19,0.367,"A-Sun","FL",-0.466840631460886,2
"218","Omaha",30,40,69.6,25.2,58.4,0.431,7.1,19.9,0.355,12.2,16.7,0.731,8.3,23.8,32.1,10.9,4.8,2.6,13.6,19.2,0.525,0.492,151.7,23.7,71.2,47,43.4,17.1,6.7,6.9,1.2,40.8,97,116.3,-19.4,2153.4,71.9,1.434,0.8,0.4,0.209,5,25,0.167,"Summit","NE",-1.75167005629655,1
"219","High Point",32,41,69.5,25.3,57.2,0.442,6.5,19.4,0.335,12.5,19.6,0.64,9.8,25.2,34.9,12.5,6.5,4.7,13.3,17.3,0.523,0.499,141.6,28.3,70.7,49.8,49.5,16.7,9.3,12.7,1.2,48.3,99.5,99.8,-0.3,2235.7,68.1,1.495,0.9,0.5,0.219,14,18,0.438,"Big South","NC",-0.0920987158838234,3
"220","Prairie View A&M",27,40.5,69.5,24,56.1,0.428,6.3,18.3,0.345,15.2,21.6,0.703,10.4,23.3,33.8,11.4,8.5,3.1,17.4,21.2,0.524,0.484,147.6,31,66,48.9,47.7,20.8,11.6,8.2,1.2,41.7,94.9,104.2,-9.3,1978,72.3,1.477,0.7,0.5,0.271,8,19,0.296,"SWAC","TX",-0.788047987669805,1
"221","Gardner-Webb",31,39.9,69.5,25.3,57,0.443,7.4,22.5,0.329,11.5,16.4,0.701,9.4,26.5,35.9,13.2,7.3,4.7,13.4,18.3,0.536,0.508,147.3,28,74.8,52,52.2,17.2,10.5,14.6,1.2,52.6,100.8,93.1,7.7,2137.2,69.1,1.522,1,0.5,0.201,18,13,0.581,"Big South","NC",0.835833646497491,3
"222","Cincinnati",33,40,69.4,24.6,61,0.404,8.2,25.8,0.315,12.1,18,0.669,10.8,25,35.8,13.1,6.3,3.8,10.5,17.5,0.499,0.47,138.8,29.2,71.4,49.8,53.3,13.1,9.1,9.7,1.1,50.5,100.2,95.2,5,2285.5,69.2,1.533,1.2,0.6,0.198,18,15,0.545,"AAC","OH",-0.080202147135341,3
"223","Robert Morris",32,40.3,69.4,25.7,55.5,0.463,6,17.7,0.339,11.9,15.7,0.759,8.4,22.9,31.3,12.7,6,3.8,14.3,15.5,0.551,0.517,156.1,27.7,68.8,49.2,49.2,18.5,8.7,10.1,1.2,47.5,100.8,108.5,-7.7,2202.2,68.3,1.492,0.9,0.4,0.215,8,24,0.25,"Horizon","PA",-0.782099703295567,1
"224","North Alabama",30,40.2,69.4,25.1,63.4,0.395,8.3,26.2,0.316,11,14.6,0.753,10.7,24.5,35.2,10.1,6.8,3.5,11.8,18.6,0.493,0.46,146.4,27.4,71.8,48.2,40.4,14.4,9.6,9.4,1.1,44.4,97,95.8,1.2,2145.8,71.1,1.404,0.9,0.6,0.173,9,21,0.3,"A-Sun","AL",-0.924858528277305,3
"225","Loyola Marymount",29,40.3,69.3,24.8,54.5,0.454,7.2,21,0.345,12.6,17.4,0.719,7.4,21.7,29.1,11.1,5.4,1.7,13.2,17.8,0.552,0.521,151.9,23.8,73.3,48,45,17.4,8,4.9,1.3,41.5,101.2,108.2,-6.9,1986.1,68,1.45,0.8,0.4,0.23,11,18,0.379,"WCC","CA",-1.09735877513024,2
"226","Dayton",35,40.1,69.2,25.7,53.8,0.478,6.5,18.1,0.361,11.2,16.4,0.683,8.6,25.3,33.9,14.4,5.5,3.9,12.4,13.9,0.562,0.539,152.2,29.2,77,54.3,55.9,16.7,8.5,11.1,1.3,54.6,106.3,94,12.3,2278.6,64.9,1.559,1.2,0.4,0.208,24,11,0.686,"A-10","OH",0.758505949632386,4
"227","Creighton",35,40.4,69.2,25.6,57.2,0.448,6.7,21.8,0.308,11.3,15.3,0.738,8.9,27.9,36.8,13.3,5.5,4.3,14.1,13.6,0.537,0.506,149.4,27.3,72.4,51.7,52,17.9,7.9,10.1,1.2,52.1,99.4,95.4,4,2435.8,68.9,1.52,0.9,0.4,0.197,23,12,0.657,"Big East","NE",-0.199167834620127,3
"228","Troy",32,40.6,69.2,24.1,56.6,0.425,7.5,22.9,0.327,13.6,18.7,0.727,10.5,25.3,35.9,13.8,7.9,2.2,15.3,17.6,0.528,0.491,147.9,31.1,73.7,52.5,57.3,19,11.2,6.3,1.2,48.3,98.6,93.5,5.1,2245.3,69.1,1.573,0.9,0.5,0.24,20,12,0.625,"Sun Belt","AL",0.104194668466072,3
"229","UTEP",34,40.3,69.2,24.7,57.4,0.431,7.6,21.8,0.35,12.1,15.9,0.763,7.6,23.3,30.9,12.1,7.4,3.6,11.6,18.1,0.533,0.497,154.4,22.7,71.6,46.8,49,15.2,10.8,9.9,1.2,47.4,100.3,96.6,3.7,2344.3,68.5,1.49,1,0.6,0.212,20,14,0.588,"C-USA","TX",-0.103995284632296,3
"230","Eastern Michigan",31,40.9,69.1,25.2,58.6,0.431,6.3,20.5,0.308,12.4,17.8,0.695,7.7,25.6,33.3,10.1,5.8,3.2,13.8,17.5,0.516,0.485,143.4,22,72.2,47.3,40.2,17.1,8,8.1,1.2,41.1,94.7,104.1,-9.4,2262.9,71.3,1.402,0.7,0.4,0.211,10,21,0.323,"MAC","MI",-1.60891123131482,1
"231","Oklahoma",35,40.6,69.1,25.3,53.1,0.476,7.6,21.9,0.347,10.9,14.6,0.747,7.1,23.5,30.7,14,7.4,1.9,14.7,15.5,0.575,0.548,157,24.9,75.2,51.1,55.5,19.7,10.9,5.2,1.3,48.7,102,96,5.9,2370.3,66.8,1.555,1,0.5,0.205,19,16,0.543,"Big 12","OK",0.0744532465948754,3
"232","Texas Southern",32,40.2,69,25.1,57.9,0.433,5.6,17.9,0.314,13.2,19.5,0.679,11.2,26.6,37.8,10.7,5.6,5.2,14.8,17.7,0.514,0.482,142.6,32.3,72.4,53,42.7,18.1,7.9,13.6,1.2,47,97.9,93.8,4.2,2255.9,70.2,1.427,0.7,0.4,0.228,19,13,0.594,"SWAC","TX",-0.38951293459578,3
"233","Kansas State",31,40.2,69,24.1,57.4,0.42,8.4,24.3,0.346,12.3,17,0.726,8.4,23.5,31.8,12.5,7.3,1.6,11.5,17.1,0.527,0.494,149.3,24.5,72.1,47.7,51.6,14.9,10.7,4.9,1.2,46.7,100.7,98.5,2.3,2123.3,68.1,1.516,1.1,0.6,0.215,14,17,0.452,"Big 12","KS",-0.115891853380776,3
"234","Tennessee-Martin",30,39.9,68.9,25.4,61.2,0.415,6.8,22.8,0.299,11.3,16.1,0.7,11.2,24.8,36,11.8,6.6,4.4,13.3,18.1,0.5,0.471,141.4,30.4,70.5,49.9,46.3,16.2,9.3,12.2,1.1,47.2,96.8,103.4,-6.5,2134.5,71.3,1.463,0.9,0.5,0.184,8,22,0.267,"OVC","TN",-0.740461712675896,1
"235","Hawaii",28,39.9,68.9,23.8,54.1,0.441,8.1,22.7,0.358,13.1,17.6,0.744,8.9,25.5,34.4,12.3,3.5,2.1,13,16.8,0.552,0.516,154.3,29,76.7,53.8,51.6,17.3,5.3,5.5,1.3,46.3,103.4,96.3,7.1,1864.1,66.7,1.516,0.9,0.3,0.242,17,11,0.607,"Big West","HI",-0.252702393988279,3
"236","Sam Houston State",33,40.1,68.8,25.6,60.1,0.426,8.7,25.4,0.343,8.9,14.7,0.605,11.4,24.7,36.1,14.1,7.6,2.5,12.5,18,0.513,0.499,137.5,31.2,75.9,52.3,55.1,15.8,11.2,8.1,1.1,50.7,101,92.5,8.4,2250,68.1,1.551,1.1,0.6,0.148,19,14,0.576,"WAC","TX",0.371867465306833,3
"237","Texas",34,40.2,68.8,24.5,55.5,0.441,6.6,20,0.33,13.2,17.7,0.746,9.8,22.4,32.2,13.2,7.7,3.4,11.5,17.9,0.538,0.501,151.8,30.9,71,50.8,54.1,15.2,11.7,10.1,1.2,50.7,105.1,92.7,12.4,2225.4,65.1,1.541,1.2,0.7,0.239,22,12,0.647,"Big 12","TX",0.978592471479231,4
"238","Marist",30,40.5,68.8,25.4,57.9,0.439,7.5,21.8,0.344,10.4,14.5,0.719,8.8,25.5,34.3,9,5.8,3.4,12.4,15.6,0.531,0.504,150.2,25.9,73.5,50,35.3,16,8.6,9.8,1.2,45.3,100.8,99.9,0.9,2046.9,67.4,1.353,0.7,0.5,0.18,14,16,0.467,"MAAC","NY",-0.252702393988279,3
"239","New Hampshire",28,40,68.8,25.2,57.3,0.44,8.6,23.6,0.366,9.7,14.5,0.669,9.4,25.1,34.5,12.1,4.6,2.9,9.1,13.4,0.536,0.515,147.5,28.1,79.4,53.1,48.2,12.4,7.2,8.6,1.2,52.4,107.3,101.4,5.9,1794.6,64.1,1.482,1.3,0.5,0.169,15,13,0.536,"AM East","NH",0.669281684018797,2
"240","East Carolina",30,40.2,68.7,23.3,57.5,0.406,7.5,22.5,0.333,14.5,19.3,0.754,9.3,24.2,33.5,14.7,6.8,3.1,13,16.2,0.516,0.471,149.3,26.5,72.1,48.9,63.1,16.3,9.7,9,1.2,49,98,101.2,-3.2,2102.6,69.7,1.631,1.1,0.5,0.253,15,15,0.5,"AAC","NC",-0.66908230018502,1
"241","Monmouth",34,40.3,68.6,23.6,56.3,0.418,6.4,19.2,0.331,15.1,20.8,0.728,10,25.6,35.6,11.7,6.3,3.3,11.7,18.1,0.518,0.475,147.8,29.1,73.4,51.4,49.6,15,9.1,9.9,1.2,48,100.6,98.7,1.9,2319.1,67.7,1.496,1,0.5,0.269,21,13,0.618,"MAAC","NJ",0.556264280908254,3
"242","St. Francis (PA)",30,40.5,68.6,25.5,60.3,0.423,5.9,18.7,0.315,11.8,18.2,0.648,11.2,24.2,35.5,13,6.6,2.8,12.6,14.7,0.498,0.472,138.5,30.3,69,49.1,50.9,15.5,9.4,7.3,1.1,47.7,97.7,104.7,-7,2107,69.4,1.509,1,0.5,0.195,9,21,0.3,"NEC","PA",-0.912961959528828,1
"243","Georgia Tech",32,40.5,68.6,25.7,58.3,0.441,7.1,20.2,0.353,10,14.4,0.698,8.4,24.6,33,13.7,7.8,2.6,13.1,18,0.527,0.502,149.2,25.2,73,49.2,53.2,16.7,11,7.2,1.2,47.6,97.6,100.7,-3.1,2247.9,69.3,1.532,1,0.6,0.172,12,20,0.375,"ACC","GA",-0.217012687742842,1
"244","North Florida",31,40.3,68.5,23.4,56.2,0.416,9.5,28.2,0.339,12.2,16.8,0.727,8.5,24,32.5,12.7,5.5,4.8,14.7,15.7,0.534,0.501,148.2,25.3,65.2,46.2,54.3,18.6,7.9,10.8,1.2,46.8,97.2,101,-3.8,2184.2,69.9,1.543,0.9,0.4,0.217,11,20,0.355,"A-Sun","FL",-1.27580730635742,2
"245","Rutgers",32,40.6,68.5,25.8,58,0.445,6.2,18.3,0.339,10.7,15.2,0.7,9.8,24.6,34.4,15.2,7,4,11.5,15.8,0.525,0.499,148.4,29.1,73.9,51.4,58.8,15,10.5,11.7,1.2,53.5,102.1,99.1,2.9,2147.7,66.1,1.588,1.3,0.6,0.184,18,14,0.563,"Big Ten","NJ",0.514626290288577,3
"246","Canisius",32,40.3,68.5,24.3,60.7,0.4,7.4,24.1,0.306,12.6,18.1,0.693,10.1,23.6,33.7,13,6,2.6,11.8,17.2,0.494,0.461,139.9,27.1,74.4,48.9,53.5,14.6,8.5,6.6,1.1,44.8,96.6,100.8,-4.2,2268.8,70.3,1.535,1.1,0.5,0.207,11,21,0.344,"MAAC","NY",-1.38882470946797,1
"247","Texas Christian",34,40.2,68.5,25.4,57.7,0.439,5.5,18.3,0.302,12.2,18.1,0.674,12.4,25.5,37.9,13.6,6.4,4.1,14.5,15.5,0.516,0.487,141.6,37.3,74.9,56.3,53.8,17.9,9.4,11.2,1.2,51.7,100.2,95,5.2,2323,68,1.538,0.9,0.4,0.212,21,13,0.618,"Big 12","TX",0.122039521588789,3
"248","Wichita State",28,40.5,68.5,23.5,58.4,0.403,7.5,24.2,0.312,13.9,18.5,0.753,11,25,36,12,7.5,4.6,12.9,15.9,0.51,0.467,146.7,31.2,73.2,51.9,51.1,16.1,10.7,12.6,1.2,50.2,98.4,95.4,3,1948,68.8,1.511,0.9,0.6,0.239,15,13,0.536,"AAC","KS",0.223160355950857,3
"249","West Virginia",33,39.8,68.5,23.6,57.1,0.413,6.3,19.2,0.328,14.9,20.6,0.724,10.3,21.2,31.5,10.5,7.8,4.5,12.4,17.4,0.511,0.468,146.5,29.5,67.1,47.4,44.4,15.6,11.3,13.1,1.2,45.9,99.3,100,-0.7,2275.8,69.2,1.444,0.8,0.6,0.262,16,17,0.485,"Big 12","WV",-0.347874943976107,3
"250","Charleston Southern",31,40.2,68.5,24,59,0.408,8.3,26.8,0.308,12.1,17.9,0.676,10.1,25.1,35.2,12,6.5,3,14.7,16.2,0.507,0.478,139.2,27.4,75.3,50.1,49.8,17.9,9.1,8.1,1.2,45,95,105.5,-10.5,2233.2,71.8,1.498,0.8,0.4,0.206,6,25,0.194,"Big South","SC",-1.29365215948014,1
"251","Lehigh",32,40.1,68.4,24.9,55.7,0.447,8.1,21.3,0.382,10.6,14.3,0.741,6.5,25.4,31.9,14.2,4.4,3.6,13.3,16.9,0.548,0.52,157,20.6,73.2,48.1,56.9,17.5,6.4,8.1,1.2,47.1,99,103.2,-4.2,2213.1,68.9,1.569,1.1,0.3,0.19,13,19,0.406,"Patriot","PA",-1.09141049075601,1
"252","George Washington",30,40.5,68.4,25.3,59,0.428,7.1,21.1,0.338,10.7,15.3,0.698,7.7,24.5,32.2,12.3,6.9,4.2,12.6,17.1,0.516,0.489,146.4,22.4,69.5,46.2,48.5,16,9.7,10.5,1.2,46.1,96.2,102.4,-6.3,2132.8,70.2,1.485,1,0.5,0.181,12,18,0.4,"A-10","DC",-0.984341372019697,1
"253","Oklahoma State",30,40.9,68.4,25.1,57.9,0.434,5.4,18.2,0.295,12.7,19.1,0.667,11.2,24.9,36.1,12.7,8.5,5.4,15.1,17.4,0.51,0.48,139.6,32.3,70.3,51.5,50.4,18.4,11.9,15.7,1.2,49.4,95.9,92.1,3.8,2139.1,69.7,1.504,0.8,0.6,0.22,15,15,0.5,"Big 12","OK",0.0685049622206378,3
"254","Dartmouth",25,40.6,68.4,24.3,58.4,0.417,8.9,26.2,0.339,10.8,14,0.772,8.3,24.2,32.5,10.4,6.6,3.4,11.5,16.1,0.526,0.493,152.8,24.4,74.4,48.9,42.9,15,9.7,9.6,1.2,46,100.3,100,0.2,1704.7,67.2,1.429,0.9,0.6,0.186,9,16,0.36,"Ivy","NH",-0.294340384607951,2
"255","Oregon State",31,40.5,68.3,25.6,57.9,0.443,5.7,17.8,0.319,11.3,16,0.709,8.5,21.3,29.8,12.1,6,3,12.5,17.5,0.521,0.492,147.1,25.6,66.5,45.6,47.3,16,8.6,8.5,1.2,42.7,98.5,112.7,-14.2,2149.8,68.4,1.473,1,0.5,0.196,3,28,0.097,"Pac-12","OR",-1.50184211257851,1
"256","Boise State",35,40.3,68.3,24.3,54.6,0.445,7.3,21.2,0.346,12.4,19.1,0.65,9.7,24,33.7,11.4,6,3.4,12.1,15,0.536,0.512,144.1,30.7,78.3,54.1,47,15.9,9.1,9.6,1.3,48.7,103.4,92.2,11.2,2309.9,65.4,1.47,0.9,0.5,0.227,27,8,0.771,"MWC","ID",0.395660602803791,3
"257","Pepperdine",32,40.3,68.2,25.3,60.5,0.418,7.3,21.3,0.34,10.3,14.4,0.718,9.3,24,33.3,14.8,5.7,2.3,14.7,17.9,0.506,0.478,147.6,25.8,69.7,47.3,58.4,17.9,7.8,6.1,1.1,43.5,93.7,106.5,-12.8,2328.9,72.3,1.584,1,0.4,0.171,7,25,0.219,"WCC","CA",-2.23942937498417,1
"258","Ole Miss",32,40.4,68.1,24.8,57,0.435,6.9,21.3,0.326,11.6,16.3,0.711,8.7,23.5,32.3,13.2,7.1,2.8,12.2,15.2,0.526,0.496,147.3,25.9,74.7,49.5,53.2,15.9,10.3,7.8,1.2,48.4,99.5,100.3,-0.8,2189.9,67.8,1.532,1.1,0.6,0.204,13,19,0.406,"SEC","MS",-0.306236953356432,3
"259","Fairfield",33,40.4,67.8,24.8,57.2,0.434,7.6,22.4,0.34,10.5,15,0.704,8.9,24.5,33.4,11.9,5.4,3.1,11.1,15.9,0.527,0.501,147.9,27.1,73.6,50.5,48,14.7,8.1,7.8,1.2,47.5,101.4,98.6,2.8,2207.9,66.2,1.48,1.1,0.5,0.184,15,18,0.455,"MAAC","CT",-0.12184013775502,3
"260","UC Davis",24,40.2,67.8,25,56.9,0.44,6.1,18.3,0.333,11.7,16.5,0.705,8.4,24.6,33,11.3,6,2.9,12.5,18.5,0.524,0.493,147.9,25.3,71.5,48.8,45.3,16.1,8.8,7.8,1.2,44,98.8,96.7,2.1,1648.1,68.3,1.453,0.9,0.5,0.205,13,11,0.542,"Big West","CA",-0.490633768957846,3
"261","Presbyterian",32,41.4,67.8,24.8,58.8,0.422,5.7,21.2,0.27,12.5,18.5,0.674,11.6,22.3,34,12.6,7.9,2.7,13.4,19.1,0.502,0.471,136.6,33.5,76,53,50.8,16.6,11.4,8.4,1.2,43.9,97.8,98,-0.2,2218.7,67,1.508,0.9,0.6,0.212,12,20,0.375,"Big South","SC",-0.431150925215453,3
"262","Lafayette",30,40.8,67.8,25.2,58.3,0.433,8.8,26.7,0.328,8.6,12.5,0.684,7.8,23.2,31,16.2,6.3,3.4,11.1,14.4,0.527,0.508,144.4,22.8,69.8,46.1,64.1,14.7,9.3,9,1.2,51,100.3,107.8,-7.4,2027.8,66.2,1.641,1.5,0.6,0.147,10,20,0.333,"Patriot","PA",-0.669082300185021,2
"263","Rider",33,40.4,67.8,25,60.5,0.414,5.6,17.3,0.322,12.2,16.5,0.736,10.1,25.5,35.6,12.7,6.8,2.5,11.9,17.1,0.496,0.46,147.1,28.2,72.9,50.3,50.8,14.9,9.9,7.7,1.1,46.4,97.1,99.3,-2.1,2303.1,69,1.508,1.1,0.6,0.201,14,19,0.424,"MAAC","NJ",-0.562013181448719,3
"264","North Carolina A&T",32,40.3,67.7,25.2,59.3,0.424,6.3,20.2,0.312,11,16.9,0.654,10.7,23.8,34.6,12.3,7.8,3.2,12.8,19.1,0.503,0.478,139,29.5,70.1,49.1,48.6,15.9,11.2,9.8,1.1,46.1,97.4,101.2,-3.7,2224.1,69,1.486,1,0.6,0.186,12,20,0.375,"Big South","NC",-0.193219550245885,1
"265","Binghamton",29,40.2,67.7,25.7,58.3,0.441,7.3,20.8,0.354,8.9,13.4,0.661,9,25.7,34.7,11.5,5.7,3.7,12.6,16.7,0.523,0.504,145.5,26.5,73,50.1,44.8,16.3,8.4,10,1.2,46.8,99.5,100.6,-1.1,1972.1,67.7,1.448,0.9,0.4,0.152,12,17,0.414,"AM East","NY",-0.36571979709882,3
"266","Saint Joseph's",30,40.3,67.6,24.9,59.1,0.421,8.9,26.6,0.336,8.9,13.6,0.654,9.1,27.1,36.2,13.5,4.9,2.5,13.5,16.1,0.515,0.497,141.1,26.2,76.4,51.6,54.4,17.1,7.1,5.9,1.1,46.6,97.1,99.2,-2.1,2088.1,69.1,1.544,1,0.4,0.15,11,19,0.367,"A-10","PA",-1.03787593138785,3
"267","Northern Arizona",32,40.3,67.5,24.1,57.7,0.417,8.7,24.2,0.358,10.8,16.2,0.664,10.1,25.9,36,12.6,4.5,2.5,13.5,18.3,0.517,0.492,144,28.6,77.5,52.4,52.3,17.1,6.6,6.9,1.2,44.3,98.4,106.8,-8.5,2196.8,68.2,1.523,0.9,0.3,0.186,9,23,0.281,"Big Sky","AZ",-0.805892840792527,1
"268","SIU-Edwardsville",32,40.4,67.5,24.1,57.8,0.418,5.9,20.2,0.291,13.4,19.4,0.69,11.1,24.9,36,12.3,7.1,3.8,15.1,18.3,0.504,0.469,139.8,31.5,70.4,51,51,18.4,10,11,1.2,45.3,95.1,98.5,-3.4,2272.9,70.3,1.51,0.8,0.5,0.232,11,21,0.344,"OVC","IL",-0.66908230018502,3
"269","La Salle",30,40.5,67.5,24.8,59.9,0.414,7.6,23.9,0.319,10.3,15,0.687,10.3,25.1,35.5,13.4,5.9,4.3,12.8,17.2,0.504,0.477,142,28.5,73.3,50.3,54,16,8.4,11.5,1.1,47.7,96.9,102.7,-5.8,2090.3,68.9,1.54,1,0.5,0.173,11,19,0.367,"A-10","PA",-0.776151418921326,1
"270","Niagara",30,40.5,67.4,24.6,55.9,0.439,7,20.2,0.345,11.3,15.5,0.731,7.4,24.5,31.8,12.2,5.6,2.7,10.9,15.2,0.533,0.501,151.5,22.8,73.5,48.5,49.8,14.7,8.5,7.5,1.2,46.8,101,98.2,2.8,2001.1,65.9,1.498,1.1,0.5,0.202,14,16,0.467,"MAAC","NY",-0.246754109614038,3
"271","Tulsa",31,39.9,67.4,24,55.4,0.434,6.8,20,0.342,12.5,17.2,0.726,8.5,23.5,31.9,11.8,6.8,2.2,12.8,16,0.53,0.496,150.2,26,70.7,48.6,49,16.8,10.1,7.2,1.2,45.5,99.4,103.1,-3.7,2102,67.9,1.49,0.9,0.5,0.225,11,20,0.355,"AAC","OK",-0.347874943976104,1
"272","Columbia",26,40.1,67.4,25,58.8,0.425,7.6,21.4,0.356,9.7,15.5,0.627,9.7,24.8,34.5,12,5.9,2,15.2,16.7,0.509,0.49,140.8,26.7,73,49.1,48.1,18.7,8.2,5.7,1.1,42.1,93.9,109.8,-15.9,1866.2,71.6,1.481,0.8,0.4,0.165,4,22,0.154,"Ivy","NY",-1.76951490941927,1
"273","Louisville",32,39,67.3,24.8,58.8,0.422,7.7,24.8,0.309,9.9,14.8,0.674,9.4,26.2,35.6,11.9,6.1,2.4,12.2,17.2,0.511,0.488,140.6,26.8,75.7,51,48.1,15.7,9,6.8,1.1,47.6,98.3,102.3,-4.1,2192.2,70.3,1.481,1,0.5,0.169,13,19,0.406,"ACC","KY",-0.282443815859473,1
"274","Texas-San Antonio",32,40.2,67.3,24.8,62.8,0.396,6.3,21.3,0.294,11.3,16.6,0.682,12.1,25.1,37.2,11.4,5.7,2.5,12.7,16.4,0.476,0.445,137.2,30.6,74.9,50.9,46,15.2,8.1,7.2,1.1,43.5,95,102.1,-7.1,2265.5,70.5,1.46,0.9,0.5,0.181,10,22,0.313,"C-USA","TX",-1.58511809381785,1
"275","St. Francis (NY)",30,40.3,67.2,24.9,60.8,0.409,7,22.3,0.314,10.5,14.8,0.711,10.7,23.4,34.1,11.9,6.7,2.6,12.4,16.6,0.496,0.467,143.5,29.5,71.2,49.3,47.9,15.4,9.6,6.6,1.1,44.5,97.1,101.8,-4.8,2078.1,68.7,1.479,1,0.5,0.173,10,20,0.333,"NEC","NY",-1.09735877513024,1
"276","Fairleigh Dickinson",26,40.4,67.2,24.3,59.8,0.406,6.8,21.2,0.324,11.8,16.6,0.708,9.8,22.3,32.2,11.8,6.5,3,13.8,18.2,0.497,0.464,143.8,27.2,66.1,46,48.6,16.9,9.1,7.6,1.1,40.7,94,110.7,-16.7,1859.4,70.9,1.486,0.9,0.5,0.197,4,22,0.154,"NEC","NJ",-1.98960143126612,1
"277","Mississippi Valley State",28,40.9,67.2,23.8,61.5,0.386,7.1,23.3,0.305,12.6,19.3,0.655,9.4,21.5,30.9,11.6,7.4,2.5,13.5,18.1,0.476,0.444,134.6,23.2,65.9,42.3,48.7,16,9.9,6,1.1,37.5,90.2,111.3,-21.1,2087.4,72.9,1.487,0.9,0.5,0.205,2,26,0.071,"SWAC","MS",-2.85805094990504,1
"278","Texas-Arlington",29,41.3,67.2,24.5,58.5,0.419,6.3,20.2,0.313,11.8,16.8,0.701,10.7,24.5,35.2,14,7.8,4.2,14,17.9,0.505,0.473,143.3,30.4,68.1,49.4,57,17.4,11.4,12.2,1.1,47.6,96.9,99.1,-2.2,2010.4,67.1,1.57,1,0.6,0.202,11,18,0.379,"Sun Belt","TX",-0.258650678362517,3
"279","Rhode Island",31,40,67.1,24.8,54.4,0.456,5.4,15.9,0.337,12.2,19.6,0.62,9,26,35,13.5,7.4,6,14.3,17.2,0.527,0.505,141.3,27.8,73.7,51.6,54.2,18.3,10.7,18.2,1.2,51.5,97.4,94.3,3.1,2135.7,68.9,1.542,0.9,0.5,0.223,15,16,0.484,"A-10","RI",0.419453740300748,3
"280","Jacksonville",31,40.1,67.1,24.8,55,0.45,6,17.4,0.347,11.5,16.3,0.708,10.6,25.2,35.7,12.5,6.5,1.9,11.4,15.1,0.535,0.505,150.5,33.7,78.1,56.2,50.4,15.3,10.3,6.8,1.2,51.1,105.4,93.1,12.3,1974.5,63.5,1.504,1.1,0.6,0.21,21,10,0.677,"A-Sun","FL",1.3235929651851,3
"281","Elon",32,40,67.1,23.9,56.3,0.426,8.5,24.9,0.342,10.7,14.5,0.737,8.3,23.8,32.1,12.5,4.8,2.4,13,20.3,0.531,0.501,150.5,25,72.1,48.5,52.3,17.1,7.2,7.2,1.2,42.2,99,106.6,-7.6,2168.6,67.8,1.523,1,0.4,0.19,10,22,0.313,"CAA","NC",-0.918910243903066,2
"282","Appalachian State",34,40.1,67.1,24.2,57.8,0.418,8.3,24.9,0.335,10.4,15.8,0.659,9,24.7,33.7,12.6,5.6,2.5,10.3,12.9,0.513,0.49,141.2,26.1,75.6,50.2,51.9,13.6,8.5,7.1,1.2,49.2,101.1,95.1,6,2257.2,66.3,1.519,1.2,0.5,0.18,19,15,0.559,"Sun Belt","NC",-0.330030090853387,3
"283","VCU",32,40.1,67.1,24.8,53.8,0.461,5.7,16.3,0.347,11.7,16.7,0.704,8,23.3,31.3,13.9,9.2,5.1,15.1,18.7,0.543,0.514,151.2,26.2,69,48.6,56.1,19.6,13.1,14.7,1.2,49.5,96.5,89.8,6.7,2223.3,69.3,1.561,0.9,0.6,0.218,22,10,0.688,"A-10","VA",0.371867465306838,3
"284","Incarnate Word",32,40,67,23,55.4,0.416,8.6,24.8,0.348,12.3,15.8,0.784,7.6,21.1,28.7,11.5,5.2,1.8,13.6,17.4,0.533,0.494,154.7,23.1,69.1,45.2,49.8,17.7,7.5,4.8,1.2,39.2,97.4,111,-13.6,2201.9,68.8,1.498,0.8,0.4,0.223,7,25,0.219,"Southland","TX",-1.94201515627221,1
"285","Minnesota",30,40.3,67,24.8,56.6,0.438,7.8,21.2,0.368,9.6,13.4,0.718,5.6,24.2,29.8,12.6,5.3,2.8,9.2,14.1,0.532,0.507,152.4,16.8,73.6,45,50.9,12.7,8,7.3,1.2,47.4,100.7,104,-3.3,1995.4,66.1,1.509,1.4,0.6,0.17,13,17,0.433,"Big Ten","MN",-0.591754603319915,2
"286","Saint Peter's",34,40.3,67,23.4,54.9,0.427,5.8,16.6,0.35,14.3,20.4,0.701,9.8,24.8,34.5,12.3,7.1,5,13.4,19.7,0.519,0.48,147.8,29.7,72.7,51.6,52.4,17.2,10.4,14.8,1.2,47.3,98.4,91.8,6.6,2315.1,67.6,1.524,0.9,0.5,0.26,22,12,0.647,"MAAC","NJ",0.431350309049228,3
"287","Boston College",33,40.5,66.9,24.6,57.5,0.428,5.8,18.6,0.309,12,17,0.704,10.1,23.2,33.3,12.4,7.2,2.9,11.9,15.6,0.511,0.478,144.2,29.6,74.8,51,50.4,15.4,10.8,8.6,1.2,47.2,100,101.8,-1.8,2208.2,66.1,1.504,1,0.6,0.208,13,20,0.394,"ACC","MA",-0.181322981497408,3
"288","Coppin State",32,40,66.9,22.3,57.8,0.386,8.6,28.9,0.297,13.7,20,0.684,7.4,25.6,33,11,8.1,3,14.4,16.8,0.497,0.46,136.7,19.6,68.3,43.8,49.4,17.6,10.8,8.1,1.2,42,89.9,100.3,-10.4,2383.2,74.5,1.494,0.8,0.6,0.237,9,23,0.281,"MEAC","MD",-1.5315835344497,1
"289","Temple",29,40.3,66.8,22.4,56.7,0.395,6.7,21.7,0.311,15.3,22.5,0.679,11.7,25.8,37.6,11.8,6.8,4.6,12.6,18.4,0.495,0.454,138.5,32.4,71.1,51.8,52.7,15.7,9.9,12.5,1.2,48,97.9,97.4,0.5,1977.7,67.7,1.527,0.9,0.5,0.269,17,12,0.586,"AAC","PA",0.496781437165854,3
"290","Little Rock",28,40.7,66.7,23.3,55.1,0.422,7,20.9,0.337,13.2,17.9,0.735,8.3,22.2,30.5,13,6.9,2.1,13.8,16.8,0.524,0.485,149.3,25.1,71.6,47.6,55.9,17.8,9.9,6.3,1.2,42.7,95.8,105,-9.2,1949.1,68.5,1.559,0.9,0.5,0.239,9,19,0.321,"Sun Belt","AR",-1.10925534387872,1
"291","UC Riverside",28,40.5,66.6,24.4,55.1,0.442,7.2,22.4,0.32,10.6,14.8,0.72,7.4,27.3,34.7,13.3,5.3,1.3,12.4,16,0.536,0.507,148.2,23.4,78.8,52.3,54.6,16.6,7.7,3.3,1.2,46.5,98.7,94.4,4.3,1889.1,66.6,1.546,1.1,0.4,0.193,16,12,0.571,"Big West","CA",-0.0326158721414311,3
"292","Alcorn State",34,40.3,66.5,24,58.4,0.412,5.4,17.1,0.316,13.1,18.9,0.692,11.4,23.8,35.1,10.4,7.4,2.7,14.1,17.8,0.494,0.458,141.9,31.9,72.6,51.4,43.1,17.4,10.7,7.6,1.1,42,95.2,101.7,-6.5,2375.5,69.4,1.431,0.7,0.5,0.224,17,17,0.5,"SWAC","MS",-0.788047987669804,1
"293","Old Dominion",32,40.1,66.5,24.6,56.6,0.434,4.4,15,0.294,12.9,19.3,0.672,10.9,25.4,36.3,12.3,6.4,3.3,11.9,15.9,0.506,0.473,140,31.8,73.4,52.7,50.3,15.3,9.7,10.6,1.2,48.9,100,100.8,-0.8,2127.9,66.4,1.503,1,0.5,0.229,13,19,0.406,"C-USA","VA",0.359970896558357,3
"294","Georgia Southern",29,40.3,66.4,24.6,55.1,0.447,5.9,19.3,0.304,11.3,16.7,0.68,9.3,24.4,33.7,12,7.4,3.4,14.4,17.6,0.527,0.5,143,29,70.8,50.6,48.6,18.6,10.9,10.1,1.2,45.8,97.5,96.3,1.2,1975.9,67.6,1.486,0.8,0.5,0.206,13,16,0.448,"Sun Belt","GA",-0.0504607252641472,3
"295","Stanford",32,40.2,66.4,24.1,55.6,0.433,7.3,21.5,0.339,11,16.7,0.659,11,25,36,13.1,5.6,2.6,15,17.4,0.522,0.498,143,33.3,78.1,55.4,54.4,19.1,8.2,7.6,1.2,45.5,98.2,101.6,-3.4,2163.4,67.3,1.544,0.9,0.4,0.197,16,16,0.5,"Pac-12","CA",-0.39546121897002,1
"296","Arkansas-Pine Bluff",31,40.2,66.3,22.8,55.9,0.409,6.8,22.7,0.301,13.8,19.3,0.715,8.3,19.8,28.1,11.5,7.2,2.6,13.4,17.4,0.51,0.47,142.5,23.9,65,43.1,50.1,17,10.2,6.4,1.2,39.3,94.5,111.6,-17.1,2173.8,69.8,1.501,0.9,0.5,0.247,7,24,0.226,"SWAC","AR",-1.88848059690405,1
"297","Siena",29,40.5,66.3,23.8,55.9,0.426,6.8,19,0.356,11.9,16.2,0.733,8.1,24.5,32.6,10,6.2,4,12.6,16,0.521,0.487,151.5,24.5,72.8,48.8,42.1,16.5,9,9.8,1.2,43.9,96.8,101,-4.2,1986,67.7,1.421,0.8,0.5,0.212,15,14,0.517,"MAAC","NY",-0.544168328325999,1
"298","UC Irvine",25,40,66.2,24.4,55.1,0.442,5,15.5,0.325,12.5,16.3,0.765,9.8,25.4,35.2,10.9,6,3.6,13.5,18,0.527,0.488,153.2,31,73.8,53.4,44.8,17.7,9,9.4,1.2,45.6,99.6,90.7,9,1661.9,66.5,1.448,0.8,0.4,0.227,15,10,0.6,"Big West","CA",0.235056924699335,3
"299","Fresno State",36,40.6,66.2,23.8,53.2,0.446,6.9,20.6,0.337,11.8,16.6,0.711,8.3,24.6,32.9,12,6.1,2.8,11.2,15.4,0.542,0.511,149.5,27.1,77.8,52.8,50.4,15.5,9.6,9.4,1.2,48.1,103.6,92.9,10.6,2302.2,63,1.504,1.1,0.5,0.221,23,13,0.639,"MWC","CA",0.806092224626296,3
"300","Campbell",29,40.3,66.2,24.9,54,0.46,6.3,19.9,0.318,10.1,14.9,0.68,6.8,24.3,31.2,13.9,6.2,2.3,10.4,13.8,0.542,0.519,145.8,22.4,75.8,49.8,56,14.6,9.6,7,1.2,49.8,102.4,96,6.5,1873.4,64.1,1.56,1.3,0.6,0.187,16,13,0.552,"Big South","NC",0.312384621564445,3
"301","Mount St. Mary's",30,40.3,66.1,25,56.4,0.443,5.9,17.2,0.345,10.2,14.8,0.688,10,23.7,33.6,13.3,5.7,4,12.9,15.7,0.521,0.496,147.6,30.4,72.4,51.3,53.1,16.9,8.6,10.8,1.2,47.8,99.6,98.3,1.3,1992.7,65.9,1.531,1,0.4,0.181,14,16,0.467,"NEC","MD",-0.407357787718497,3
"302","Loyola (MD)",30,40.3,66.1,24.9,56.3,0.442,6.9,21.6,0.319,9.4,13.8,0.684,7.7,23.5,31.2,14.9,7.9,2.7,12.1,15.3,0.526,0.504,144.5,24.2,74.9,49.3,60,16.2,11.7,8,1.2,49.3,98.3,97.6,0.7,2017.6,66.7,1.6,1.2,0.6,0.168,14,16,0.467,"Patriot","MD",-0.15158155962621,3
"303","Fordham",32,40.6,66.1,23,58.4,0.394,7.4,25,0.297,12.6,17.4,0.727,9.8,25.8,35.7,11.8,7.3,3.7,13.1,17.7,0.496,0.457,141.7,26.7,74.2,49.8,51.4,16.4,10.4,9.9,1.1,45.2,94.3,95.2,-1,2243.6,69.1,1.514,0.9,0.6,0.216,16,16,0.5,"A-10","NY",-0.401409503344257,3
"304","Central Michigan",30,40.2,65.9,23.1,56.5,0.409,7.7,22.7,0.341,11.9,17.2,0.692,8.4,23,31.4,11.5,6.3,3,13.6,19.9,0.509,0.478,144.3,24.1,68.6,45.9,49.7,17.3,9,9,1.2,39.9,94.6,110.4,-15.8,2090.9,69.4,1.497,0.8,0.5,0.211,7,23,0.233,"MAC","MI",-1.34718671884829,1
"305","Pacific",30,40.1,65.9,23.7,57,0.415,6.1,19.1,0.318,12.5,18.2,0.686,7.8,24.2,32,11.4,6.4,2.6,12.3,16.5,0.502,0.468,142,22.5,78.5,48.9,48.3,15.8,9.1,7.9,1.2,41.9,93.9,103.6,-9.8,2105.4,69.9,1.483,0.9,0.5,0.219,8,22,0.267,"WCC","CA",-1.29960044385438,1
"306","Maryland-Eastern Shore",27,40.3,65.9,23.4,57.9,0.404,7.7,24.6,0.314,11.4,17.7,0.644,10.2,23.2,33.4,12.4,10.1,2.3,15.4,16.8,0.497,0.471,136.2,28.8,71.6,49.3,53.2,18.9,14.2,6.8,1.1,44.1,92.5,93.2,-0.7,1922.9,70.7,1.532,0.8,0.7,0.197,11,16,0.407,"MEAC","MD",-0.728565143927413,3
"307","San Diego",31,40.5,65.8,24.8,58,0.428,5.5,16.4,0.335,10.7,14.9,0.715,9.3,25.7,35,9.9,5.1,3.7,12.4,15.9,0.506,0.476,147.8,26.7,74.8,50.6,40,16,7.4,8.6,1.1,43.1,96.4,98.5,-2.1,2117.9,67.5,1.4,0.8,0.4,0.184,15,16,0.484,"WCC","CA",-0.859427400160678,3
"308","Iowa State",35,40.3,65.6,24.3,56.3,0.431,6.7,21.2,0.315,10.4,15.2,0.683,9.1,22,31.1,14.7,8.5,3.1,13.9,18.3,0.517,0.491,142.9,27.8,71.9,49.2,60.4,17.9,12.6,9.8,1.2,46.3,96.3,91.8,4.5,2384.6,67.7,1.604,1.1,0.6,0.185,22,13,0.629,"Big 12","IA",-0.490633768957845,3
"309","Missouri",33,40.1,65.5,23.9,56.2,0.426,5.2,18.5,0.281,12.4,16.8,0.736,10.5,23.5,34,12.1,6.5,4.1,14.4,17.8,0.51,0.472,144.3,31.8,71.6,51.6,50.5,18.3,9.5,11.2,1.2,44.4,95.9,103.3,-7.3,2251.6,68,1.505,0.8,0.5,0.221,12,21,0.364,"SEC","MO",-0.669082300185024,1
"310","Sacramento State",29,40.2,65.4,24,55.7,0.431,6.8,18.8,0.359,10.7,15.8,0.678,7.3,23,30.3,11,6,2.8,11.2,17.2,0.518,0.492,146.8,21.7,73.1,46.6,45.8,15,8.9,8.1,1.2,42.2,97.4,104.4,-7,1948.8,66.9,1.458,1,0.5,0.192,11,18,0.379,"Big Sky","CA",-0.799944556418285,1
"311","San Diego State",32,40.4,65.4,23.8,55,0.432,6,16.9,0.354,11.8,17.1,0.692,9.5,24.7,34.3,11.9,7.5,4.8,12.8,17.5,0.518,0.487,147.8,29.4,74.1,52.1,50.2,16.8,11.2,14.4,1.2,47.9,98.2,87.2,10.9,2132.1,65.9,1.502,0.9,0.6,0.215,23,9,0.719,"MWC","CA",0.586005702779446,3
"312","Arizona State",31,40.6,65.4,25,60.4,0.414,6.9,22.5,0.307,8.5,12.8,0.661,9,25.6,34.7,13.4,6.7,4.2,11.9,18.1,0.492,0.471,138.2,24.6,70.5,47.5,53.4,15.2,9.6,12.4,1.1,46.1,94,96.7,-2.6,2155.5,68.5,1.534,1.1,0.6,0.14,14,17,0.452,"Pac-12","AZ",-0.758306565798607,3
"313","Western Michigan",31,40.4,65.4,23.5,56,0.421,8.5,25.4,0.332,9.8,14.1,0.7,8.6,23.1,31.7,10.3,5.3,2.3,13.7,16.8,0.522,0.496,145.3,25.9,69.6,47.8,43.7,17.9,7.8,6.5,1.2,39.4,96.2,110.6,-14.3,2106.1,67.2,1.437,0.8,0.4,0.176,8,23,0.258,"MAC","MI",-1.41261784696492,1
"314","Grambling State",32,40,65.4,23.4,57.6,0.407,5.1,16.2,0.315,13.5,19,0.71,10.1,24.8,34.9,10.9,6.6,3.3,14.2,18.3,0.491,0.451,143.2,27.9,69.5,48.5,46.7,17.6,9.3,9.1,1.1,41.3,92.1,100.1,-8,2270.4,71,1.467,0.8,0.5,0.234,12,20,0.375,"SWAC","LA",-1.19253132511807,1
"315","Holy Cross",31,40,65.2,23.9,57.8,0.414,5.8,17,0.343,11.5,16.3,0.708,9.6,23.2,32.7,10.2,5.9,3.8,12.5,16.9,0.497,0.464,146.6,27.5,72.5,49,42.5,16,8.7,9.9,1.1,41.7,95.5,103.5,-8,2116.9,68.3,1.425,0.8,0.5,0.199,9,22,0.29,"Patriot","MA",-1.23416931573774,1
"316","Duquesne",30,40.6,65.2,24.7,61.4,0.403,6.2,20.5,0.305,9.5,13.4,0.707,10.9,22.3,33.1,10,6.6,4.4,11.5,13.9,0.481,0.454,141.5,28.8,68.7,47.3,40.4,14.5,9.7,10.8,1.1,43.6,95.3,107.3,-12,2051.6,67.3,1.404,0.9,0.6,0.155,6,24,0.2,"A-10","PA",-1.46020412195883,1
"317","UNC Greensboro",32,40.4,65.1,23.4,54.4,0.431,7.3,21.4,0.342,10.9,15.1,0.721,10.4,24,34.3,12.1,6.4,1.6,13,15.3,0.528,0.498,149.4,32.7,75.8,54.2,51.5,17.4,9.9,5.8,1.2,45.9,101.1,100.9,0.2,2059.7,63.7,1.515,0.9,0.5,0.2,17,15,0.531,"SoCon","NC",0.35402261218412,3
"318","North Texas",32,40.2,65.1,22.6,51.1,0.442,7.7,21.6,0.357,12.3,18.8,0.651,10,23.2,33.2,11,6.6,2.8,11.4,15.8,0.542,0.517,145,32.1,75.8,53.7,48.9,15.9,10.6,8,1.3,47.9,105.8,90.6,15.2,1968.4,61.2,1.489,1,0.6,0.24,25,7,0.781,"C-USA","TX",1.50204149641228,4
"319","Florida A&M",30,40.6,65.1,24.4,57,0.428,4.6,15.1,0.302,11.6,16.5,0.705,8.7,23.2,31.9,12,6.3,3.1,12.5,17.7,0.502,0.468,143.6,26.4,67.1,47.2,49.1,16.2,9.2,8.5,1.1,41.6,95.4,100.8,-5.5,2046.8,67.3,1.491,1,0.5,0.204,13,17,0.433,"SWAC","FL",-1.16278990324688,1
"320","Navy",32,40.3,65,24.1,56,0.43,5.8,17.7,0.326,11.1,16.9,0.655,11,24.6,35.6,12.3,7.1,3.3,12.9,16,0.507,0.481,141,33,76.4,54.4,50.9,16.7,10.7,10.4,1.2,47.5,98.6,91.3,7.4,2107.7,65.4,1.509,1,0.5,0.198,21,11,0.656,"Patriot","MD",0.3361777590614,3
"321","Cal State Bakersfield",28,40,64.9,24.4,57.6,0.423,3.8,13.3,0.288,12.3,17.5,0.706,11.2,22.1,33.3,10,6.2,2.4,11.7,20.6,0.492,0.456,141.6,32.7,74.8,52.2,40.9,15.1,9.4,8.4,1.1,39.4,98.1,100.3,-2.2,1850.9,66.1,1.409,0.9,0.5,0.214,9,19,0.321,"Big West","CA",-0.520375190829042,3
"322","Hampton",28,40.3,64.8,22.4,56.1,0.399,5.8,19.6,0.293,14.2,20.3,0.7,8.1,25.5,33.6,10.4,5.2,4,12.5,18.4,0.493,0.451,139.3,22.8,69.1,46.4,46.5,16,7.4,10.3,1.2,39.9,92.3,99.1,-6.7,1964.6,69.6,1.465,0.8,0.4,0.253,9,19,0.321,"Big South","VA",-1.31149701260286,1
"323","Milwaukee",32,40,64.8,23.8,56.4,0.422,6.2,19.6,0.317,10.9,15.3,0.717,8.5,26.5,35,11.4,4.9,3.7,13.2,16.9,0.509,0.477,145.6,25.4,71.2,49.5,48,17.2,7.1,10.4,1.1,43.6,94.5,103.2,-8.7,2194.4,68.6,1.48,0.9,0.4,0.194,10,22,0.313,"Horizon","WI",-0.907013675154588,1
"324","Austin Peay",29,40.4,64.7,23.1,56.5,0.408,7.9,25,0.315,10.6,15,0.706,10.2,21.6,31.8,13.5,6.4,2,13.9,16.7,0.508,0.478,143,29.4,70.7,48.7,58.6,18,9.5,6.1,1.1,42.3,95.9,102.5,-6.6,1954.6,66.7,1.586,1,0.5,0.188,12,17,0.414,"OVC","TN",-1.31149701260285,1
"325","Penn State",31,40.5,64.6,23.9,55.2,0.432,8,23.5,0.342,8.8,12,0.735,8.8,25.6,34.5,11.9,5.3,2.2,11.8,15.4,0.53,0.505,150.8,28.3,76.8,53.4,49.7,16.2,8.2,6.2,1.2,46,100.9,101.5,-0.6,1985.1,63.3,1.497,1,0.4,0.16,14,17,0.452,"Big Ten","PA",0.235056924699331,2
"326","Tarleton State",31,40.2,64.6,22.7,54.3,0.419,5,16.5,0.305,14.1,18.6,0.754,8.6,20.3,29,11.2,7.6,2.2,12.1,18.1,0.511,0.465,147.9,26.8,68.3,46.7,49.4,16.1,11.5,7.4,1.2,40.5,96.9,98,-1.1,2066.8,66.4,1.494,0.9,0.6,0.259,14,17,0.452,"WAC","TX",-0.686927153307739,3
"327","Southern Mississippi",33,40.2,64.4,24.3,56.6,0.429,5.4,17.2,0.312,10.5,15.3,0.688,7.9,24.5,32.4,12.3,5,2.8,13.3,16,0.504,0.476,142.9,23.2,72.1,47.7,50.6,17.2,7.2,8.2,1.1,41,93.2,108.3,-15.1,2282.2,68.8,1.506,0.9,0.4,0.186,7,26,0.212,"C-USA","MS",-1.84684260628438,1
"328","Idaho State",30,40.1,64.4,22.4,53.6,0.419,7.1,22.8,0.31,12.4,18.2,0.684,9.3,22.3,31.6,10.4,4.5,2.2,13.8,18.2,0.517,0.484,141.3,28,73.3,49.7,46.5,18.2,6.8,6.3,1.2,37.5,96.6,107.3,-10.8,1999.9,66.4,1.465,0.8,0.3,0.232,7,23,0.233,"Big Sky","ID",-1.40666956259068,1
"329","San Jose State",31,40.1,64.3,23.7,55.4,0.427,8.8,25,0.352,8.1,12.4,0.658,7.5,22.6,30,13,5.2,3.2,13.2,16.3,0.525,0.507,143.8,22.4,70.9,46.1,55,17.7,7.8,8.2,1.2,42.5,96.1,108.1,-12,2074.4,66.8,1.55,1,0.4,0.147,8,23,0.258,"MWC","CA",-1.53753181882394,1
"330","Northeastern",31,40.3,64.3,22.9,52.4,0.437,6.8,21.2,0.32,11.8,16,0.734,7.9,23.5,31.4,11.4,4.7,2.7,14,15.2,0.536,0.501,149.1,26.3,76.8,51.8,49.6,18.9,7.1,7.7,1.2,41.4,97.1,104.4,-7.3,2052.5,65.7,1.496,0.8,0.3,0.225,9,22,0.29,"CAA","MA",-1.09735877513024,1
"331","Northern Illinois",30,40.1,64.1,23,54.9,0.419,5.8,18.3,0.318,12.3,18.2,0.674,7.6,23.1,30.7,11.2,6.3,2.7,13.7,20.4,0.505,0.472,141.1,22.8,71.2,46.7,48.8,17.7,9,7.9,1.2,37.3,92.1,102.8,-10.7,2087.8,69.4,1.488,0.8,0.5,0.224,9,21,0.3,"MAC","IL",-1.50184211257851,1
"332","Southern Illinois",31,40,64,23,51.6,0.446,7.7,21.8,0.354,10.3,15,0.69,6.7,22.7,29.4,12,5.5,2.1,11.4,15.3,0.545,0.52,148.9,22.2,77.6,49.5,52.2,16.3,8.7,6,1.2,44,101.2,97,4.2,1961.5,63.3,1.522,1.1,0.5,0.2,16,15,0.516,"MVC","IL",-0.18132298149741,3
"333","William & Mary",32,40.4,63.9,22.6,56.2,0.402,6.8,21.9,0.308,11.9,16.8,0.705,9.3,24.5,33.8,11.5,6.6,3,16.2,16.8,0.497,0.462,141.5,26.7,73.2,49.5,50.7,20.2,9.3,8.5,1.1,39,89.9,104.6,-14.7,2274.4,70.3,1.507,0.7,0.4,0.211,5,27,0.156,"CAA","VA",-1.87658402815558,1
"334","Butler",33,40.4,63.8,22.7,54.5,0.416,6.9,22.8,0.305,11.5,16.5,0.696,8.3,22.9,31.2,11,5.2,2.4,11.9,16.7,0.512,0.48,141.7,25.7,72.6,48.8,48.5,16.1,7.8,7,1.2,40.2,96.4,101,-4.7,2186.1,65.6,1.485,0.9,0.4,0.211,14,19,0.424,"Big East","IN",-0.996237940768179,1
"335","American University",32,40.3,63.5,24.4,54.3,0.45,5,15.2,0.331,9.6,13.9,0.694,7.5,22.1,29.7,12.2,6.5,3.1,13.4,14.9,0.521,0.496,147.4,24.4,72,48.2,49.9,18,9.8,8.3,1.2,42.3,95.2,106.4,-11.2,2133.7,66.1,1.499,0.9,0.5,0.177,10,22,0.313,"Patriot","DC",-1.28175559073166,1
"336","Bethune-Cookman",30,40.3,63.4,23.7,56.8,0.416,4.8,14.3,0.336,11.2,16.3,0.689,9.1,21.6,30.6,10.7,7.9,2.4,13.4,17.1,0.491,0.459,144.1,26.7,69.7,47.2,45.4,17.2,11.6,7.1,1.1,38.7,92.4,101.4,-9,2056.4,68,1.454,0.8,0.6,0.198,9,21,0.3,"SWAC","FL",-1.43641098446187,1
"337","Radford",29,40.5,63.2,23,55.4,0.414,6.9,22.6,0.307,10.3,15.4,0.669,9.4,22.4,31.9,10.9,6.6,1.5,13.8,17.9,0.503,0.477,139,28.2,74.7,50.2,47.4,18,10,4.7,1.1,37.9,94.6,100.9,-6.3,1937.5,66,1.474,0.8,0.5,0.186,11,18,0.379,"Big South","VA",-1.18063475636959,1
"338","California",32,40.4,63.1,23.6,56.2,0.42,5.5,17.8,0.308,10.3,14.2,0.727,8.3,25.9,34.3,10.7,4.9,2.6,11.3,16.5,0.501,0.469,145.5,24.8,77.2,51,45.2,15.2,7.4,7.2,1.1,41.6,95.8,100.4,-4.6,2106.6,65.2,1.452,1,0.4,0.184,12,20,0.375,"Pac-12","CA",-0.63339259393959,1
"339","N.J.I.T.",29,40.5,63,22.6,55.3,0.409,6.4,19.6,0.327,11.3,17.2,0.659,7.9,25.6,33.4,10.1,6.1,3.7,12.8,15.8,0.496,0.467,139.5,22.7,73.5,48.2,44.7,16.8,8.8,10.4,1.1,40.7,91.8,102,-10.3,1989.9,67.8,1.447,0.8,0.5,0.205,11,18,0.379,"AM East","NJ",-0.984341372019697,1
"340","Delaware State",28,40.2,62.8,22.6,56,0.404,6,18.6,0.325,11.5,17.1,0.672,9.5,24.5,34,9.7,7.3,4,17.4,18,0.49,0.458,140.1,27,67.2,47.5,42.8,21.4,10.1,12.3,1.1,36.6,87.4,102.4,-15,2009.4,71.4,1.428,0.6,0.4,0.205,2,26,0.071,"MEAC","DE",-2.01339456876308,1
"341","Maine",29,40,62.4,23.6,57,0.414,6.8,22,0.308,8.4,11.9,0.71,8.7,22.2,30.8,13.3,7.2,2.8,12.7,17.4,0.498,0.473,143.2,25.2,72.1,47.3,56.4,16.8,10.7,7.9,1.1,42.3,93.3,106.3,-13,1941.5,66.9,1.564,1,0.6,0.148,6,23,0.207,"AM East","ME",-1.1211519126272,1
"342","Virginia",35,40.1,62.4,23.3,52,0.449,5,15.6,0.323,10.7,14.6,0.73,8.1,22.2,30.2,14.1,5.7,4.3,9.7,13.7,0.529,0.497,150.2,26.9,72.7,50,60.3,14.1,9.3,12.9,1.2,50,102.6,98.8,3.8,2129.2,60.7,1.603,1.5,0.6,0.205,21,14,0.6,"ACC","VA",0.532471143411294,3
"343","Chicago State",32,40.1,62.1,21.9,56.1,0.39,7.6,24.5,0.31,10.8,16.4,0.655,11.1,21.6,32.8,9.6,5.6,2.3,15.1,19.8,0.486,0.457,135.5,31.3,68.2,48.7,44,19.1,8.2,6.5,1.1,33.6,91.5,109.6,-18.1,2172.5,67.7,1.44,0.6,0.4,0.192,7,25,0.219,"WAC","IL",-1.98960143126612,1
"344","Albany",31,41.4,61.8,23,56.2,0.41,5.9,18.2,0.323,9.9,14.1,0.704,8.4,22.5,30.9,9.4,6.7,2.5,12.4,18,0.492,0.462,143.8,25.1,74.2,48.5,40.9,16.4,10.1,7.5,1.1,35.7,92.6,98.6,-6,2070.5,64.5,1.409,0.8,0.5,0.176,13,18,0.419,"AM East","NY",-1.29365215948014,1
"345","Central Connecticut State",32,40.5,61.8,21.6,54.8,0.393,7.3,21.5,0.342,11.3,16,0.708,8.3,21.9,30.2,10.6,6.2,2.2,13.8,16.1,0.495,0.46,144.3,24.6,68.6,46.1,49.3,18.1,9.2,6.3,1.1,36.1,91.2,106.5,-15.3,2168,66.9,1.493,0.8,0.5,0.206,8,24,0.25,"NEC","CT",-2.00744628438884,1
"346","Green Bay",30,40,61.7,22.3,53.1,0.419,5.2,18.4,0.282,12,16.8,0.714,8.6,20.6,29.2,10.7,5,2.8,12.9,15.4,0.505,0.468,141.6,26.9,72.6,48.4,48.2,17.5,7.6,7.9,1.2,37.5,94.6,105.6,-11,1958.7,65.3,1.482,0.8,0.4,0.226,5,25,0.167,"Horizon","WI",-1.82899775316166,1
"347","Cal State Northridge",30,40.4,61.6,22.6,56.1,0.403,5.1,16.9,0.303,11.2,16.5,0.682,9.4,21.6,31,9.2,7.2,2.5,12.3,18.7,0.481,0.448,138.8,26.5,68.4,46.2,40.6,16.1,10.7,7.5,1.1,35.8,91.8,106.3,-14.4,2010.9,66.3,1.406,0.7,0.6,0.2,7,23,0.233,"Big West","CA",-1.18063475636959,1
"348","Pittsburgh",32,39.9,61.5,21.1,50.9,0.414,5.4,17.1,0.314,14,20.1,0.696,9.5,23.4,32.9,11,5.4,3.8,13.6,15.3,0.509,0.467,142.4,30.2,75.1,52.6,52.1,18.4,8.3,12.4,1.2,41.9,95,105.1,-10.1,2072.8,64.9,1.521,0.8,0.4,0.274,11,21,0.344,"ACC","PA",-0.538220043951757,1
"349","Cal Poly",28,40.6,61.5,21.2,51.8,0.409,5.3,18.1,0.29,13.9,19,0.728,8.9,25.1,34,10.5,4.7,2.4,14.7,19.4,0.505,0.46,142.7,27.6,74.1,51.5,49.7,19.5,7,7,1.2,35.9,91.9,100.7,-8.8,1872.4,66,1.497,0.7,0.3,0.268,7,21,0.25,"Big West","CA",-1.02003107826513,1
"350","Alabama A&M",30,40.7,61.4,21.9,57.8,0.379,3.9,14.4,0.271,13.8,19.4,0.713,10.6,25.8,36.4,9.5,7,3.2,13.6,16.1,0.459,0.412,136.3,28.2,69.1,48.5,43.4,16.8,10.1,8.8,1.1,38.3,87.9,95.9,-8,2096.3,68.7,1.434,0.7,0.5,0.239,12,18,0.4,"SWAC","AL",-1.38882470946796,1
"351","Merrimack College",30,40.3,61.4,22.4,53.3,0.421,7.1,21.6,0.331,9.4,14,0.675,7.1,20.5,27.5,11.5,9,4,11.9,15.9,0.512,0.488,142.7,21.8,64.9,43,51.4,16.6,13.8,11.4,1.2,43,94.4,98.9,-4.5,1952.9,64.6,1.514,1,0.8,0.177,14,16,0.467,"NEC","MA",-0.294340384607952,1
"352","Lamar",29,39.9,61.3,22.9,57.1,0.401,5.2,17.5,0.299,10.3,14.9,0.688,10.4,23,33.4,11.1,5.8,3,14.6,18.8,0.478,0.447,138.9,29.5,69.6,48.9,48.3,18.5,8.6,9.1,1.1,36.5,90,107.1,-17.1,1976.6,68.3,1.483,0.8,0.4,0.18,2,27,0.069,"WAC","TX",-1.99554971564036,1
"353","Jackson State",30,40.2,61,23.1,56.7,0.408,5.2,17.2,0.3,9.5,15,0.634,10.6,23.5,34.1,10.8,6.1,3.9,13.2,17.1,0.477,0.453,134.2,30.8,73,51.1,46.8,17.1,9.1,10.2,1.1,40,91.3,98.1,-6.7,2002.9,66.5,1.468,0.8,0.5,0.168,11,19,0.367,"SWAC","MS",-1.16873818762112,1
"354","Evansville",30,40.8,59.2,21,52.7,0.398,8.2,24.8,0.33,9.1,12.8,0.708,4.4,22,26.4,10.5,5.9,2,11.2,14.7,0.503,0.475,143.6,13.7,78.8,43.9,50.2,16,9,5.8,1.1,35,90,107.6,-17.6,1972.5,64.4,1.502,0.9,0.5,0.172,6,24,0.2,"MVC","IN",-1.98365314689188,1
"355","Air Force",29,40,59,21.6,49.6,0.436,7.2,21.6,0.333,8.6,13.3,0.649,5.5,19.9,25.4,12.5,5.4,3,13.5,18,0.528,0.509,141.8,18.8,71.2,44.4,57.7,19.4,8.5,9.1,1.2,35.9,92.5,103.5,-11,1850.9,63.9,1.577,0.9,0.4,0.174,11,18,0.379,"MWC","CO",-1.82304946878743,1
"356","South Florida",31,39.9,57.5,21.6,57.7,0.374,4.5,17.6,0.252,9.8,14.7,0.666,10.6,23.9,34.5,10.9,6.2,3.7,12.5,17.1,0.444,0.413,129.3,28.9,74,50,50.6,16.2,9.4,11.9,1,37.1,86.3,97.5,-11.2,2063.1,66.7,1.506,0.9,0.5,0.169,8,23,0.258,"AAC","FL",-1.74572177192232,1
"357","Eastern Illinois",31,40,56.3,20.1,50.5,0.398,6,18.3,0.326,10.2,15.9,0.638,6.8,21.5,28.4,11.8,6.3,3,16,14.5,0.485,0.457,136.1,21.2,66.8,44,58.9,21.6,9.5,9.2,1.1,33.3,84.1,106.2,-22.1,2075.6,67,1.589,0.7,0.4,0.201,5,26,0.161,"OVC","IL",-2.86994751865352,1
"358","IUPUI",29,40,52.4,19.2,50.6,0.38,5.1,17.6,0.292,8.9,13.3,0.667,9.3,20.7,30,10.4,5.7,2.6,16.6,17.7,0.461,0.43,133.8,29.5,69.1,48.7,54.4,22.6,8.9,8.4,1,27.6,81.7,104.6,-22.9,1861.7,64.2,1.544,0.6,0.3,0.176,3,26,0.103,"Horizon","IN",-2.85210266553081,1
